Date,Afghanistan,Albania,Algeria,Angola,Antigua and Barbuda,Argentina,Australia,Austria,Bahamas,Bangladesh,Barbados,Belize,Benin,Bermuda,Bolivia (Plurinational State of),Botswana,Brazil,Brunei Darussalam,Bulgaria,Burkina Faso,C�te d'Ivoire,Cabo Verde,Cambodia,Cameroon,Canada,Central African Republic,Chad,Chile,"China, Hong Kong SAR","China, Macao SAR","China, mainland","China, Taiwan Province of",Colombia,Congo,Costa Rica,Cuba,Cyprus,Democratic People's Republic of Korea,Denmark,Djibouti,Dominica,Dominican Republic,Ecuador,Egypt,El Salvador,Fiji,Finland,France,French Polynesia,Gabon,Gambia,Germany,Ghana,Greece,Grenada,Guatemala,Guinea,Guinea-Bissau,Guyana,Haiti,Honduras,Hungary,Iceland,India,Indonesia,Iran (Islamic Republic of),Iraq,Ireland,Israel,Italy,Jamaica,Japan,Jordan,Kenya,Kiribati,Kuwait,Lao People's Democratic Republic,Lebanon,Lesotho,Liberia,Madagascar,Malawi,Malaysia,Maldives,Mali,Malta,Mauritania,Mauritius,Mexico,Mongolia,Morocco,Mozambique,Myanmar,Namibia,Nepal,Netherlands,New Caledonia,New Zealand,Nicaragua,Niger,Nigeria,Norway,Pakistan,Panama,Paraguay,Peru,Philippines,Poland,Portugal,Republic of Korea,Romania,Rwanda,Saint Kitts and Nevis,Saint Lucia,Saint Vincent and the Grenadines,Samoa,Sao Tome and Principe,Saudi Arabia,Senegal,Sierra Leone,Solomon Islands,South Africa,Spain,Sri Lanka,Suriname,Swaziland,Sweden,Switzerland,Thailand,Timor-Leste,Togo,Trinidad and Tobago,Tunisia,Turkey,Uganda,United Arab Emirates,United Kingdom,United Republic of Tanzania,United States of America,Uruguay,Vanuatu,Venezuela (Bolivarian Republic of),Viet Nam,Yemen,Zambia,Zimbabwe,Afghanistan,Albania,Algeria,Angola,Antigua and Barbuda,Argentina,Australia,Austria,Bahamas,Bangladesh,Barbados,Belize,Benin,Bermuda,Bolivia (Plurinational State of),Botswana,Brazil,Brunei Darussalam,Bulgaria,Burkina Faso,C�te d'Ivoire,Cabo Verde,Cambodia,Cameroon,Canada,Central African Republic,Chad,Chile,"China, Hong Kong SAR","China, Macao SAR","China, mainland","China, Taiwan Province of",Colombia,Congo,Costa Rica,Cuba,Cyprus,Democratic People's Republic of Korea,Denmark,Djibouti,Dominica,Dominican Republic,Ecuador,Egypt,El Salvador,Fiji,Finland,France,French Polynesia,Gabon,Gambia,Germany,Ghana,Greece,Grenada,Guatemala,Guinea,Guinea-Bissau,Guyana,Haiti,Honduras,Hungary,Iceland,India,Indonesia,Iran (Islamic Republic of),Iraq,Ireland,Israel,Italy,Jamaica,Japan,Jordan,Kenya,Kiribati,Kuwait,Lao People's Democratic Republic,Lebanon,Lesotho,Liberia,Madagascar,Malawi,Malaysia,Maldives,Mali,Malta,Mauritania,Mauritius,Mexico,Mongolia,Morocco,Mozambique,Myanmar,Namibia,Nepal,Netherlands,New Caledonia,New Zealand,Nicaragua,Niger,Nigeria,Norway,Pakistan,Panama,Paraguay,Peru,Philippines,Poland,Portugal,Republic of Korea,Romania,Rwanda,Saint Kitts and Nevis,Saint Lucia,Saint Vincent and the Grenadines,Samoa,Sao Tome and Principe,Saudi Arabia,Senegal,Sierra Leone,Solomon Islands,South Africa,Spain,Sri Lanka,Suriname,Swaziland,Sweden,Switzerland,Thailand,Timor-Leste,Togo,Trinidad and Tobago,Tunisia,Turkey,Uganda,United Arab Emirates,United Kingdom,United Republic of Tanzania,United States of America,Uruguay,Vanuatu,Venezuela (Bolivarian Republic of),Viet Nam,Yemen,Zambia,Zimbabwe
Element,Feed,Feed,Feed,Feed,Feed,Feed,Feed,Feed,Feed,Feed,Feed,Feed,Feed,Feed,Feed,Feed,Feed,Feed,Feed,Feed,Feed,Feed,Feed,Feed,Feed,Feed,Feed,Feed,Feed,Feed,Feed,Feed,Feed,Feed,Feed,Feed,Feed,Feed,Feed,Feed,Feed,Feed,Feed,Feed,Feed,Feed,Feed,Feed,Feed,Feed,Feed,Feed,Feed,Feed,Feed,Feed,Feed,Feed,Feed,Feed,Feed,Feed,Feed,Feed,Feed,Feed,Feed,Feed,Feed,Feed,Feed,Feed,Feed,Feed,Feed,Feed,Feed,Feed,Feed,Feed,Feed,Feed,Feed,Feed,Feed,Feed,Feed,Feed,Feed,Feed,Feed,Feed,Feed,Feed,Feed,Feed,Feed,Feed,Feed,Feed,Feed,Feed,Feed,Feed,Feed,Feed,Feed,Feed,Feed,Feed,Feed,Feed,Feed,Feed,Feed,Feed,Feed,Feed,Feed,Feed,Feed,Feed,Feed,Feed,Feed,Feed,Feed,Feed,Feed,Feed,Feed,Feed,Feed,Feed,Feed,Feed,Feed,Feed,Feed,Feed,Feed,Feed,Feed,Feed,Feed,Feed,Food,Food,Food,Food,Food,Food,Food,Food,Food,Food,Food,Food,Food,Food,Food,Food,Food,Food,Food,Food,Food,Food,Food,Food,Food,Food,Food,Food,Food,Food,Food,Food,Food,Food,Food,Food,Food,Food,Food,Food,Food,Food,Food,Food,Food,Food,Food,Food,Food,Food,Food,Food,Food,Food,Food,Food,Food,Food,Food,Food,Food,Food,Food,Food,Food,Food,Food,Food,Food,Food,Food,Food,Food,Food,Food,Food,Food,Food,Food,Food,Food,Food,Food,Food,Food,Food,Food,Food,Food,Food,Food,Food,Food,Food,Food,Food,Food,Food,Food,Food,Food,Food,Food,Food,Food,Food,Food,Food,Food,Food,Food,Food,Food,Food,Food,Food,Food,Food,Food,Food,Food,Food,Food,Food,Food,Food,Food,Food,Food,Food,Food,Food,Food,Food,Food,Food,Food,Food,Food,Food,Food,Food,Food,Food,Food,Food
1961,720,94,83,118,2,9552,7813,9539,0,875,8,2,206,0,449,20,54885,4,4694,2,158,16,108,334,22888,0,57,1262,161,2,55527,3913,1347,0,138,3720,154,1885,17461,0,22,40,4504,3568,327,34,6759,43989,6,4,4,94680,204,2004,4,210,16,0,34,1164,232,11870,86,15224,1060,2176,999,6582,1180,21734,28,15095,145,339,0,29,68,167,34,0,721,134,260,0,200,88,21,6,3037,291,266,578,568,170,631,14401,15,3590,150,208,9362,3505,1441,315,1764,1270,3954,76684,1116,222,12331,0,0,28,11,12,0,120,10,9,0,5364,11482,188,28,28,9325,4844,874,5,0,21,198,12865,2611,0,27747,134,234413,975,4,360,2104,167,90,180,8761,1612,7405,4716,90,33850,17982,13003,138,28576,236,89,2064,67,3045,455,71616,58,11285,3366,4733,125,3628,5641,31582,2152,2188,9687,2734,128,421752,10322,16433,1373,1109,6030,661,8441,7539,45,60,3451,6038,23398,1685,499,7498,94396,91,683,231,118159,8229,11603,72,2491,3461,353,509,3568,1568,13919,311,294341,60962,15107,5614,5021,3452,83800,1479,97046,1894,8382,41,345,1219,2214,566,1128,5305,2515,6520,60,3058,386,831,478,32481,738,8511,7181,9639,601,5040,19375,126,4035,1353,2113,40490,5491,33301,1062,2633,10089,22804,53758,11813,17993,23761,3915,27,89,64,145,82,2467,2418,1580,181,16558,46501,7319,208,340,12004,11128,19700,389,1673,726,3437,43965,10188,96,89343,12233,324934,3656,93,9163,21752,2815,2886,3080
1962,720,108,94,118,2,7553,8982,9807,0,856,9,2,194,0,454,20,66116,5,4417,2,180,16,98,366,28153,2,59,1131,200,2,64160,3780,1426,0,152,947,156,1916,17355,0,22,56,4547,4154,270,34,6112,47519,6,6,4,105951,200,2125,4,272,18,0,42,1146,218,11662,74,15864,1148,2132,800,6841,1231,23107,32,16612,124,376,0,29,64,197,34,0,751,174,353,0,215,104,21,10,3304,408,834,610,642,110,634,13578,16,3630,160,249,9616,3464,1506,346,1706,1315,4080,64392,1049,228,10034,0,0,32,10,16,0,120,10,9,0,5072,12581,169,18,32,8686,5390,919,6,0,26,298,13734,2700,0,34308,138,228541,970,6,291,2512,168,90,216,8694,1641,7141,4657,92,33231,18636,12820,142,29119,243,104,2053,68,3159,457,76420,60,11573,3433,5135,123,3614,5806,32183,2054,2332,9946,2923,128,435337,10479,17518,1377,1157,6355,656,8645,7359,49,63,3759,6442,24487,1767,519,7280,97110,95,685,239,122048,8207,11804,76,2559,3527,352,520,3670,1560,15673,322,302938,63652,15573,6197,5084,3662,83298,1623,102022,1885,8692,40,387,1242,2257,579,1154,5466,2581,6868,65,3154,390,841,511,34209,744,8810,7422,10288,637,5139,19974,127,4175,1402,2158,42072,5710,35702,1054,2712,10589,22858,53619,12069,19158,23633,4518,27,90,65,151,80,2587,2495,1632,188,16647,46147,7377,219,342,11833,11499,20931,393,1721,766,3601,44890,10344,101,90752,12672,327778,3478,95,9078,22708,2870,2967,3287
1963,736,124,63,116,2,6527,9556,10229,0,929,12,2,199,0,471,20,72494,8,5527,2,179,16,114,432,29685,2,66,1329,178,2,76879,2566,1431,0,154,948,170,2072,18366,0,24,78,5391,4032,213,34,6920,50519,6,6,3,106370,166,2374,4,278,16,0,36,1108,210,11402,92,15510,1096,2090,760,6299,1248,26661,34,16825,172,372,0,29,64,212,34,0,792,118,392,0,206,94,22,12,3895,416,1210,578,642,118,640,14965,16,3476,152,264,10242,3582,1604,321,1729,1361,4214,74806,1234,261,11406,0,0,34,11,14,0,127,10,9,0,5197,14846,185,42,30,9436,5492,1033,4,0,32,295,14024,2944,0,31915,163,223570,1004,6,321,2614,172,70,190,8458,1643,6798,5124,103,33692,19346,13408,152,30517,252,101,2010,70,3377,490,79684,70,12221,3941,5290,121,3911,6203,32828,2055,2372,10553,3055,137,424916,10423,17215,1383,1210,7062,649,9125,7613,50,67,3850,6516,25950,1864,545,7391,98196,94,681,247,125453,8369,12323,79,2754,3342,359,516,3780,1605,16042,318,299645,64415,16190,6666,5154,3703,88683,1636,107065,2028,8527,43,430,1279,2326,604,1179,5738,2721,7097,68,3235,391,853,525,35752,794,9036,7329,10668,654,5262,20445,131,4310,1480,2244,43072,5651,36451,1138,2850,10460,24431,56305,12833,19858,24490,3915,29,88,66,155,75,2729,2759,1708,196,17792,49246,7817,238,333,11805,11425,22411,390,1712,797,3578,45473,10919,108,93244,12946,329060,3678,97,9467,23439,2975,2999,3289
1964,740,122,98,132,2,7010,9353,10600,2,930,10,2,216,0,398,20,69887,6,6369,2,185,16,118,344,28624,2,63,1494,152,6,86231,4198,1638,0,174,1210,176,2166,19931,0,24,94,5568,3972,373,38,6251,48669,6,6,3,108207,160,2510,4,312,16,0,47,1234,208,11836,69,15266,1304,2042,486,5750,1458,25862,51,19325,173,348,0,29,90,244,34,0,802,118,431,0,194,98,12,10,4251,398,927,594,1507,108,651,15585,17,3541,190,266,10548,3234,1548,382,2791,1602,4455,76820,1345,1311,12052,0,0,36,11,14,0,128,14,8,0,4078,15214,220,44,32,9908,5325,1198,4,0,50,231,15867,2992,0,33351,144,218512,1052,6,310,2438,175,78,370,9430,1767,7157,5154,93,34628,19754,13499,165,31504,244,102,2071,72,3366,504,84811,74,12443,3948,5564,131,4021,6401,32802,2041,2408,10519,3136,138,420137,11539,17969,1462,1280,7219,732,9501,7727,51,71,4089,6981,27408,1882,576,7361,99389,107,695,244,127003,8646,13000,85,2951,3590,369,561,3830,1658,15456,324,309298,69404,17133,7291,5160,4215,90109,1753,108955,2190,9038,45,511,1333,2552,619,1191,5983,2876,7223,72,3247,388,876,532,37234,872,10072,7592,10829,677,5310,21205,134,4312,1540,2388,43977,5678,39297,1180,2912,11655,25105,57014,12536,22373,24117,4214,29,93,66,165,85,2886,2832,1755,205,18505,48333,8609,251,337,12290,11693,23036,388,1821,839,3643,46819,11035,115,94083,12821,337165,3671,96,10229,23939,3049,3043,3368
1965,720,95,84,128,2,8073,8874,9417,0,929,6,2,228,0,487,18,63808,6,5277,2,190,14,119,348,30452,2,58,1554,216,7,90948,4067,1656,2,172,971,202,2034,18799,0,22,86,6310,4132,173,40,7155,50269,6,6,2,109418,192,2603,4,336,16,0,47,972,233,11454,94,16154,1377,2912,598,6510,1519,27746,46,19136,223,320,0,28,92,247,24,0,807,138,450,0,192,102,6,12,4758,428,904,594,1024,84,656,13981,18,3579,236,218,11185,3525,1636,394,3214,1824,4438,72139,1364,1023,12756,0,0,40,12,12,0,138,16,8,0,4368,16561,197,40,32,9494,5240,1102,4,0,64,312,16272,2470,0,35187,149,248636,996,6,249,2256,191,88,498,9753,1789,7425,5399,82,36863,20087,13247,173,32179,247,102,2256,73,3596,527,88252,75,12901,4038,5809,141,4056,6003,33920,2338,2428,10802,3431,140,474811,11675,18401,1457,1360,7480,815,9348,7653,53,67,4002,7539,28728,2016,597,7514,99252,122,704,259,128292,8880,13190,88,2949,3496,372,561,3985,1721,15333,332,311222,69215,17732,7607,5195,4087,92251,1757,111266,2309,9410,45,606,1383,2445,637,1208,6185,2950,7480,84,3290,372,892,530,39918,950,10326,7743,11083,696,5547,20836,148,4373,1568,2617,44357,5873,42281,1211,3116,12203,25895,58817,13131,24197,25019,4458,28,93,67,169,81,3076,2851,1874,208,20298,48235,8559,257,350,12593,12034,23746,400,1899,848,3934,48332,11212,119,94018,13593,340652,3585,101,10392,24705,3137,3148,3442
1966,724,197,55,128,0,10532,9309,10301,2,902,6,2,256,0,480,16,74368,6,6673,2,198,14,125,350,33332,2,62,1857,190,6,108071,5216,1735,2,188,2956,208,2102,18611,0,21,96,6722,4264,177,44,6951,49594,6,6,2,112205,366,3078,4,337,16,0,47,936,266,11532,78,15080,1190,3174,621,6441,1768,28958,98,21439,182,380,0,33,96,285,34,0,796,138,583,0,203,107,6,9,6311,349,411,604,1296,100,628,15143,18,3777,212,230,11097,4033,1591,339,3067,1660,4374,79555,1867,869,15220,0,0,40,10,6,0,140,18,8,0,6231,19342,184,90,34,8563,5748,1220,4,0,68,286,16066,2460,0,31344,176,246540,960,6,285,2174,179,90,400,9445,1798,7481,5549,73,36206,21249,13484,193,33287,256,102,2298,73,3702,532,90654,89,13828,4157,5978,135,4111,6552,35067,2050,2486,11487,3648,142,504486,11804,18413,1448,1393,7502,865,9715,7901,63,69,4333,7599,31042,2099,572,7624,100439,147,713,259,131182,9378,14022,97,3046,3607,381,582,4046,1814,17496,331,320928,67903,19042,8075,5215,4307,95793,1808,115263,1949,9808,50,686,1434,2526,633,1269,6181,2997,7652,86,3386,375,914,544,43242,952,10385,7801,10842,713,5598,21534,150,4564,1655,2681,44154,5957,40937,1261,3151,13042,26148,60976,13090,25106,27122,4689,30,100,73,177,82,3345,2996,1973,217,20421,50906,8749,259,367,12840,12019,25530,429,1963,871,4027,49582,10836,143,94169,14341,349589,3650,105,10487,25181,3179,3433,3591
1967,788,202,74,148,0,9847,9070,10451,2,985,8,10,247,0,504,14,68890,6,6094,2,204,16,268,433,31283,2,64,2200,208,2,113656,5971,1851,0,196,1783,228,1996,18488,0,20,96,6421,4260,159,48,7175,51627,6,6,2,112647,360,3183,4,361,16,0,35,970,270,13048,93,15184,1164,3268,953,6752,1790,30144,94,22397,134,338,0,46,102,276,34,0,865,198,621,0,220,96,6,8,6408,311,1106,628,1244,108,611,15313,14,3523,234,270,11696,2993,1738,335,2996,1525,4765,84569,2113,658,15457,0,0,40,6,8,0,150,16,6,0,6133,20021,235,105,46,9024,6557,975,5,0,78,341,16436,3048,2,34106,152,248463,882,6,362,2107,172,91,440,10501,1844,7912,5685,64,37590,21373,13498,202,33385,275,102,2371,76,3883,552,95667,91,13672,4441,6169,146,4305,6825,35784,2177,2536,11277,3740,127,503604,12557,19108,1456,1431,8150,918,9624,7809,70,70,4195,7469,30205,2173,566,7493,102601,148,743,263,133335,10034,14258,93,3174,3749,380,584,4154,1966,16236,335,332309,68581,20120,8627,5330,4495,98829,1934,119585,1942,9986,51,785,1469,2594,623,1274,6411,3063,7828,91,3498,377,940,552,45749,973,10752,8012,11297,729,5700,23201,144,4400,1726,2880,46416,5899,42012,1336,3268,13846,27006,61033,14141,24536,26947,5564,29,98,72,186,81,3371,3093,2002,224,21122,51294,9510,284,382,12868,12557,25085,427,2076,892,4189,51943,12548,161,94543,14281,354981,3445,109,10764,25638,3248,3597,3762
1968,826,229,130,148,2,11004,9202,11456,4,1006,6,12,257,0,528,16,87043,6,6378,2,206,18,190,462,31849,2,64,2442,260,4,110926,7246,1950,0,204,7793,270,1940,17888,0,20,101,6369,4786,151,56,7670,48153,6,8,2,114004,272,3112,4,388,16,0,38,786,272,13568,86,15955,1366,3621,1459,6928,1720,31606,86,25249,94,412,0,58,98,312,36,0,881,200,717,0,218,119,6,14,8334,263,2296,616,1952,100,626,15753,16,3816,261,234,12245,3419,1694,415,2550,1476,4832,88767,2467,1186,15199,0,0,38,6,8,0,172,12,5,0,7495,22206,254,89,44,9143,6092,1241,5,0,79,327,16628,3370,2,36430,137,266374,728,6,577,2106,198,104,506,10682,1940,8709,5537,57,39353,22142,13638,217,35963,266,102,2590,79,4128,568,100973,93,13768,4573,6458,138,4394,7124,36517,2253,2577,11442,3886,134,504327,12905,19350,1481,1529,8695,983,9890,7723,73,76,4465,7706,32128,2262,584,7455,104036,160,757,278,137849,10002,14876,99,3279,3812,376,591,4239,2057,16587,332,345454,71228,21457,8705,5350,4841,101867,1944,125335,1302,10244,54,852,1508,2657,631,1308,6851,3217,8395,90,3742,388,958,559,46907,944,11096,7951,11601,736,5906,22735,153,4709,1851,3139,47471,6025,42453,1411,3388,13111,27982,61487,13713,27073,27572,5610,29,104,76,199,81,3553,3089,1962,227,21978,52411,9459,292,405,12948,11964,26699,446,2067,876,4171,53324,13058,188,95975,14934,362562,3530,109,11437,26592,3213,3687,3937
1969,838,170,113,160,0,10876,9688,10688,4,1039,11,12,256,0,544,18,78968,8,7141,2,229,24,129,412,39126,2,65,2096,306,4,111362,6184,2039,2,213,7905,306,2277,17984,0,21,97,5744,5084,425,57,7285,49881,6,8,2,111579,276,3491,6,414,16,0,45,850,276,13184,99,15687,1330,3564,1354,6565,1884,32118,112,26613,146,407,0,60,112,306,24,2,920,182,702,0,233,128,10,10,9207,250,1530,638,1895,74,648,17340,14,3820,313,285,13575,3435,1722,467,2705,1505,5323,87945,2317,1356,15010,0,0,37,8,10,0,176,16,4,0,8475,23204,247,124,51,8890,6069,1631,4,0,105,238,16590,4192,2,36083,158,278909,815,6,448,2111,163,124,518,10977,2060,8890,6059,68,41153,23059,13356,235,37564,274,97,2518,74,4100,582,103456,102,13843,4493,6734,158,4463,6970,37942,2352,2591,11497,4069,134,521702,14358,20054,1467,1585,8455,1078,10564,7873,70,76,4814,7808,33335,2315,606,7776,102798,148,756,282,138532,10445,15372,96,3426,3828,385,619,4331,2141,17617,326,359601,71449,21761,9122,5460,4912,104559,1915,125671,1427,10579,54,881,1515,2631,631,1290,7118,3332,8842,92,3659,422,967,546,47963,988,12124,8318,11472,751,6099,23518,160,4871,1891,3124,50793,6239,47578,1503,3448,14789,28566,62092,14445,29339,28230,5985,33,106,83,203,86,3708,3089,2022,231,22647,52863,9452,316,425,12962,12741,29299,475,2088,969,4308,54510,13193,223,97362,15186,368960,3895,111,12089,27454,3223,3780,3968
1970,678,185,124,160,2,12201,10548,10665,4,1022,9,28,257,0,562,24,69156,8,7624,2,228,10,344,465,39206,2,64,2336,360,2,132685,7103,2353,2,241,7979,350,2296,18647,0,20,100,5038,5143,458,60,7593,45048,6,8,3,106221,438,3867,6,439,16,0,48,864,276,14422,104,16486,1388,3602,867,6651,2074,31784,146,28565,100,344,0,64,112,361,24,2,920,204,795,0,228,126,12,8,10496,340,1656,658,2034,50,669,16612,17,3666,352,299,15340,4126,1754,373,3756,1525,5798,89209,2249,1678,15875,0,0,34,8,10,0,172,14,4,0,8653,23442,236,150,52,8493,6158,2001,6,0,94,256,16753,6765,3,34186,153,272464,865,6,831,2166,164,125,524,9776,2210,9231,6300,75,42002,23295,13474,244,39195,291,108,2574,85,4398,613,104988,104,13983,4551,6972,158,4725,7324,38186,2478,2581,11901,4320,147,541351,14916,21072,1492,1668,9242,1043,10712,8117,90,77,4923,8035,33268,2399,571,7462,104215,166,774,286,142238,11047,16030,96,3545,3953,382,612,4444,2184,17301,340,375413,73318,22742,9417,5588,5155,106728,2134,128927,1313,11089,57,959,1584,2707,666,1405,7184,3476,9240,104,4040,408,971,586,49880,1044,12482,8463,11951,765,6266,23749,184,4992,1949,3191,56548,6299,49611,1474,3554,15436,29222,63582,13949,30694,26519,6212,31,110,90,215,86,4003,2978,2096,239,23305,54735,9629,302,452,13501,12416,29521,464,2150,973,4427,57037,14497,269,98937,16037,374112,4011,119,12672,28675,3184,3881,4190
1971,648,152,127,170,0,13595,9826,10706,4,988,12,26,286,0,615,24,68378,8,7943,2,237,14,95,425,41242,2,65,2166,389,2,133362,7231,3397,0,288,8003,398,2364,17969,0,22,109,4562,4979,482,70,6859,46503,6,10,3,105711,444,4459,4,390,16,0,41,884,274,16096,96,17779,1401,3694,1063,6748,2448,30636,232,28878,96,279,0,66,104,384,24,0,894,276,841,0,188,141,4,4,10238,404,2135,710,2070,44,645,15991,15,3516,306,311,13428,3875,1917,444,2848,1560,6064,81063,2751,1562,19294,0,0,34,9,10,0,188,18,4,0,7667,27096,232,152,64,8352,6368,1652,4,0,88,261,16694,6616,4,35927,165,295939,1101,6,1121,2183,169,108,676,9785,2224,9764,6433,85,41457,24448,13689,250,37556,319,121,2720,86,4632,645,106731,117,14210,4536,7199,161,4597,7580,38338,2605,2569,12265,4527,151,550766,15326,22224,1546,1767,9840,1080,11530,8229,99,78,5131,8062,34133,2484,593,7673,103539,158,809,304,142534,11367,15973,98,3626,4088,401,615,4554,2204,17390,354,371753,75491,22853,10000,5664,5597,105726,2319,131200,1439,11552,58,1002,1607,2884,729,1467,7354,3685,9208,107,3716,431,968,610,53348,1049,12867,9015,12280,798,6428,24010,199,5001,1974,3373,53951,6176,49986,1594,3635,16057,29668,63527,14327,32849,28496,6337,32,118,93,225,87,6150,3015,2110,243,24245,56308,9367,299,477,13941,12494,30071,464,2225,1027,4805,58485,14462,281,97690,15325,382966,3842,121,12893,28588,3480,4030,4376
1972,682,188,192,172,0,13068,7775,9702,6,992,12,24,292,0,564,26,67397,8,8427,2,232,8,74,454,34692,2,62,2284,321,2,124982,8177,3427,0,189,8437,434,2277,17911,0,21,132,3128,5541,513,68,6702,51276,8,10,3,107799,384,4737,4,396,16,0,44,804,294,16633,94,16034,1154,3678,1735,6156,2273,32958,224,31982,180,327,0,74,105,441,24,4,864,290,937,0,206,134,4,4,10962,322,2210,714,2134,40,666,16938,16,3158,300,316,11780,4139,1938,406,2267,1460,5540,97709,3388,2030,21156,0,0,33,7,8,0,190,10,4,0,8374,26232,204,145,62,7931,6091,1466,6,0,86,390,16710,6574,2,36496,161,304629,1087,6,978,2388,183,140,800,10439,2290,10519,6327,57,40072,24981,13689,247,35203,310,127,2746,93,4721,685,108780,119,13999,4267,7353,160,4585,8056,38497,2679,2507,12540,4637,165,548989,16047,22749,1632,1856,9760,1030,12018,8259,100,74,5210,8271,35054,2487,552,7816,102611,159,811,289,143502,11264,15685,97,3729,4014,397,620,4668,2253,17136,361,379168,77646,24819,9984,5754,5871,105280,2536,137273,1542,12066,62,1088,1644,3126,681,1439,7524,3840,9532,114,3602,440,950,614,57418,1053,13250,8940,12397,811,6506,25123,196,5226,1959,3135,50881,6394,51221,1526,3637,15194,30919,64967,14156,34222,30175,6312,34,111,88,229,88,4673,3029,2116,248,25732,59057,9454,300,481,13825,12274,29648,458,2286,1042,5211,59674,15066,328,96897,15789,386385,3759,126,13142,28855,3552,4280,4551
1973,762,187,142,174,0,14990,8056,9617,8,1089,23,26,280,0,596,26,65846,8,8235,2,252,16,46,448,36159,2,58,2072,384,2,161557,8279,3670,0,184,7067,502,2734,18067,0,21,242,3200,5564,683,62,6601,51562,6,36,3,104507,386,4939,4,506,16,0,57,764,388,16300,95,15876,1614,3972,740,5683,2358,32706,218,33624,124,336,0,70,114,289,26,3,784,304,1185,0,200,170,4,6,11684,536,1628,732,2120,18,679,18683,16,3046,358,326,12234,4306,1928,455,1750,1949,6153,105070,3426,1682,21825,0,0,28,8,8,0,194,22,4,0,8734,29210,367,128,56,7778,6038,2077,6,0,85,476,16161,5982,8,32982,181,291120,1277,6,1036,2490,254,106,636,10997,2388,10943,6465,58,40091,24725,14097,248,37396,309,135,2775,92,4698,671,106550,116,14196,4331,7803,167,4517,8372,40970,2841,2425,12015,4734,169,602177,17224,23439,1651,1910,10294,966,12676,8181,114,78,5380,8223,36185,2569,546,8051,103825,169,835,299,147168,11871,17732,97,3905,4208,412,647,4812,2293,17509,365,396193,86067,27156,9948,5889,6225,109331,2307,138122,1480,12247,63,1126,1659,2896,704,1466,7607,4360,9913,120,3551,437,968,628,60246,1156,13653,9487,13120,835,6761,25953,202,5591,2086,3315,54420,6498,52347,1600,3786,15500,31107,66354,14164,35694,31483,6572,32,110,89,234,86,4441,3296,2155,254,26247,61745,9947,301,508,13894,12873,35860,489,2309,1072,5314,59516,15707,535,99835,17011,392059,3699,136,13474,29644,3856,4480,4564
1974,774,235,195,186,0,14653,7200,9819,6,1078,30,20,259,0,631,28,66634,8,9329,2,270,20,38,558,34716,2,63,3096,327,2,164685,7578,3768,0,200,8480,488,2810,15656,0,22,256,4010,5836,727,60,6316,50652,6,42,2,102809,438,5762,4,579,16,0,50,704,286,19360,93,16271,1646,4885,937,4913,2096,28498,212,32309,90,314,0,84,117,203,26,2,870,302,1332,0,252,166,5,6,12182,538,2217,724,2032,16,696,20258,16,2915,332,342,13119,4270,1887,474,2456,1651,7424,104059,4192,2085,22642,0,0,33,5,9,0,199,26,4,0,8178,31703,434,104,68,7698,6507,2138,7,0,109,506,15960,6447,6,31726,202,218012,1109,6,1074,2564,297,122,622,11243,2493,12223,6340,56,44485,24276,13896,241,38594,313,138,2582,93,5073,622,113724,126,14457,4499,8353,172,4451,9119,42320,2871,2418,12948,4853,170,605168,17426,23910,1631,1995,11135,849,12979,8346,119,80,5450,8693,38023,2714,507,8074,103559,182,872,291,143607,12865,18372,92,3985,4230,410,603,4938,2356,18193,373,393933,88032,29370,10043,6142,6232,109418,2541,137798,1502,12624,66,1219,1663,3072,801,1512,8343,4628,10425,125,3802,455,947,672,63361,1181,14481,9378,13458,855,6991,26604,205,5612,2133,3439,56794,6672,54161,1742,3898,15884,34043,66097,14800,36821,32346,6595,32,108,88,240,85,5241,3391,2140,261,27423,66275,10409,297,546,14344,12554,38649,507,2235,1086,5781,61960,16740,667,98533,17978,395138,3864,143,13871,29962,3926,4419,4919
1975,760,307,418,162,0,14589,6995,9134,5,1141,38,18,442,0,731,30,78112,10,9723,2,320,18,46,548,37096,2,64,2281,367,2,170022,8055,4012,0,242,5470,440,2840,15335,0,22,234,4844,6483,753,66,6500,53377,6,50,2,100690,354,6213,8,594,16,0,63,666,436,18812,78,17879,1491,6362,811,4570,2427,29928,256,31172,116,295,0,77,115,372,28,0,859,282,1452,0,246,180,5,4,15364,620,1982,742,2234,16,683,20794,15,2477,324,338,14095,3248,2398,485,2659,2646,8268,96945,4073,2718,22998,0,0,29,4,10,0,196,32,4,0,8197,30169,502,131,62,7815,6446,3211,8,0,135,542,18274,7028,10,29434,274,242520,1245,6,1501,2612,252,80,702,11588,2515,13624,6049,59,44838,25959,14063,240,37781,282,154,2355,90,5379,673,116778,137,14868,4971,9854,186,3935,9298,41688,2736,2474,12147,4963,164,615882,17818,25093,1775,2062,10820,827,14113,8469,131,85,5458,9096,39994,2977,536,8368,103281,179,895,265,145574,12310,18339,90,4174,4308,428,627,5044,2436,18356,381,419904,87189,30941,10671,6111,6215,108117,2489,139895,1598,12981,66,1329,1656,2889,752,1501,8500,4837,10395,128,3972,465,996,683,64820,1205,15162,9298,13688,864,7029,25255,192,5859,2258,3613,60398,6576,53467,1762,3848,16095,36366,68834,15317,40683,32553,7151,34,111,93,252,87,5866,3514,2188,265,28573,66133,11174,285,564,14870,12551,40574,518,2258,1102,5950,64792,17488,812,97844,20995,399697,3864,135,14838,28854,4182,4496,4873
1976,816,339,570,162,0,13807,5891,10203,2,1058,37,28,313,0,770,34,70662,6,10376,2,321,24,47,502,33210,2,67,2063,415,7,168536,8598,4218,0,278,5287,462,3148,15978,0,26,277,2666,6713,725,70,7400,52116,6,30,1,98058,284,5391,12,563,16,0,53,606,440,18255,137,18043,1514,7000,1294,4649,2958,31169,280,32458,154,355,0,98,96,218,28,0,1010,280,1301,0,226,192,5,1,12888,568,1890,748,2264,16,712,21303,15,2485,335,358,13124,3713,2304,500,3004,3669,8425,99292,4355,2814,30500,0,0,37,6,10,0,330,27,7,0,8306,26520,470,131,66,7707,6199,2015,9,0,145,589,20673,6490,17,31521,284,239408,1205,6,1409,3876,236,78,696,12274,2758,13678,6251,55,43626,26149,14099,245,40727,299,145,2995,94,5496,688,123480,150,15224,5328,10187,179,3779,9185,43787,2817,2486,12406,5139,181,603773,18605,26814,1798,2178,11322,812,14952,8299,141,93,5723,9635,41473,3183,513,8301,103082,184,940,267,146192,11561,17602,92,4104,4446,457,661,5197,2505,18318,374,413035,85251,33412,11721,6176,6432,108047,2576,141228,1580,13398,67,1496,1733,2930,796,1601,8760,4986,10762,135,4049,506,1028,728,66727,1277,15158,9625,14194,889,7356,26172,195,6074,2344,3863,59934,6829,55810,1688,4119,16292,39076,68880,14675,44376,35410,7540,33,113,93,259,87,6324,3471,2158,278,28538,66350,11187,290,576,15260,12620,41822,519,2236,1151,6397,67854,18019,1086,97104,21916,412831,3858,141,16046,30786,4430,4630,5102
1977,744,346,742,150,0,13493,5404,9201,2,1112,41,22,320,0,660,36,63165,8,10265,2,312,30,44,454,36261,2,67,2085,529,6,182494,8643,4566,0,258,10936,492,3258,15286,0,28,326,4701,6476,734,76,6544,51401,6,36,1,100858,288,5357,8,604,16,0,458,822,660,21786,159,18485,1556,8279,1347,4708,2698,30459,270,38804,274,322,0,122,105,510,28,2,936,282,1613,0,215,201,4,9,15722,504,1528,738,2424,16,708,26615,17,2508,392,385,12518,3972,2826,421,3064,2952,8120,89318,4792,3491,32436,0,0,26,4,10,0,536,28,7,0,8328,27651,354,178,54,7575,5761,1916,10,0,148,622,20622,6035,21,32328,332,254690,1064,6,2050,5430,211,92,562,10530,2912,14420,6495,53,44267,25692,13951,232,38215,304,151,2903,86,5364,728,124992,147,15040,4734,10297,203,3722,9584,44727,2943,2556,12754,5359,189,633407,18980,27398,1837,2269,11106,806,15126,8806,147,97,6028,10411,42127,3250,541,8092,106319,184,966,272,145227,10275,17738,97,4296,4518,506,705,5263,2595,18391,377,448126,91153,35561,12478,6412,6444,107469,2485,147387,1798,14037,67,1619,1836,3147,911,1719,8487,5122,11582,134,4015,496,1120,795,69959,1265,16357,9680,14915,922,7597,27171,198,5787,2501,3962,61573,6782,58849,1808,4283,16396,41812,70059,14680,44525,35454,7812,33,122,96,256,89,8117,3512,2227,284,28593,66862,11496,299,563,15361,13094,42328,531,2173,1259,6671,69067,18353,1235,99659,22373,419890,3635,149,18401,31353,4999,4871,5073
1978,762,401,985,176,0,13897,7164,9875,0,1292,46,30,375,0,595,38,72336,8,10363,2,332,26,44,374,35749,2,71,2358,565,3,204477,9272,4963,0,352,2916,515,3478,16476,0,33,374,4167,7085,750,95,6934,60150,6,40,5,103308,280,5786,14,645,16,0,446,762,1032,22056,139,21253,1726,6944,1844,4015,2406,34224,284,39134,240,337,0,156,115,392,38,5,944,254,2029,0,244,134,4,19,15842,492,2392,746,3461,16,742,29804,19,2338,362,402,12697,3864,2815,462,3519,2496,8238,97560,5366,5115,31158,0,0,30,5,10,0,811,44,7,0,7877,30340,383,171,64,8283,6527,3523,12,0,150,754,21286,5707,26,34837,327,287239,911,8,2351,6198,188,162,392,11456,2976,15229,6747,57,44382,25915,14164,243,42156,341,155,3210,88,5461,706,126325,176,15503,5507,10928,269,3484,9895,43746,2999,2608,13654,5588,198,687577,19927,28416,1939,2303,11409,846,15815,8629,155,95,5990,10526,44906,3530,556,8333,108187,187,1020,293,148948,10145,18987,101,4509,4576,513,680,5398,2715,18904,380,466017,93439,36937,13582,6901,6414,111464,2797,149124,2150,14622,72,1787,1881,3270,1016,1750,8842,4911,11883,148,4016,489,1179,803,75744,1341,17111,9882,15465,945,7822,28093,186,5898,2472,4136,63465,7053,60675,1769,4481,15841,44449,71143,14055,47876,36735,8148,34,134,97,252,92,9063,3631,2269,292,29362,68607,12105,295,580,15036,13254,43653,535,2378,1299,6975,72038,18090,1434,97691,23004,424190,3653,156,19039,32268,5472,4801,5206
1979,756,396,1239,152,0,12935,7181,9622,0,1300,56,28,388,0,637,36,75099,7,10916,2,345,38,26,375,37458,2,69,2601,600,12,213771,9899,4854,0,368,11242,528,3613,17551,0,27,283,3426,7470,628,110,6721,57267,6,44,6,105061,368,5570,12,648,16,0,645,638,874,21850,139,20090,1788,6679,2188,4948,2787,34836,310,41939,352,278,0,184,134,395,28,2,1046,254,2269,0,233,171,4,22,16351,446,1788,764,3922,16,674,28253,24,2228,326,414,12643,3686,3129,494,3703,3594,8601,93489,5423,7383,33705,0,0,28,6,12,0,2121,56,7,0,7994,32341,354,159,54,8469,6917,3073,13,16,188,840,22925,3952,60,33149,358,295581,929,8,2341,6742,212,152,708,11394,2956,16506,6692,61,45807,26011,14612,254,43659,302,153,3453,94,5504,828,134379,183,15866,5749,11903,216,3564,10191,45252,3040,2678,14324,5787,224,676193,21003,28885,1986,2394,11529,898,16488,8580,159,101,6111,10388,48137,3685,590,8364,110380,207,1020,302,149646,10001,19296,102,4510,4623,528,656,5444,2807,18552,384,462331,96805,38476,13747,6811,6548,116406,2622,151924,1987,15804,76,1947,1935,3396,998,1834,8800,4969,12391,145,4271,501,1172,812,79221,1394,17799,10069,15862,970,7904,28620,194,5418,2374,4293,64332,7202,61047,1814,4433,17116,46648,71258,13543,49413,37897,8571,35,143,97,255,93,11072,3718,2312,301,30281,71177,13619,304,602,15315,13019,43413,539,2528,1334,7239,76528,17817,1602,100682,24775,434961,4035,169,19646,35422,5721,4797,5159
1980,824,349,1165,154,4,10526,5801,9823,2,1140,54,30,335,0,689,38,77389,8,10481,2,385,62,58,383,36697,2,74,2900,574,10,221850,9850,5374,0,405,7668,668,4033,17175,0,29,442,3410,7806,876,109,7704,57172,11,48,9,103207,380,7075,10,539,16,0,857,882,1042,21475,115,18340,2135,7210,2192,4850,2866,32964,338,42598,248,304,0,212,158,378,28,3,1062,234,2290,0,193,147,4,26,21419,405,1642,790,4837,16,756,26804,23,2172,104,464,12656,4083,2969,516,3455,1695,8579,66314,6571,5612,30987,0,0,27,8,14,0,2764,78,8,0,8250,34333,350,194,72,8593,6727,2806,14,2,190,841,21121,4088,80,30211,372,264394,836,8,3198,6576,190,80,714,10986,2975,18040,6752,72,46865,26504,14639,287,43624,340,189,3224,96,5813,815,140531,212,15594,5679,12210,214,3515,10462,44747,3043,2710,14571,5984,257,688766,21407,29898,2117,2431,12279,898,16144,8658,193,106,6541,10924,49883,3861,595,8435,109133,198,1075,331,149305,10070,19444,98,4697,4610,548,685,5599,2887,18990,393,462715,101432,42068,14638,7113,6478,118487,2716,151042,2175,15833,77,2116,1999,3557,1029,1840,9168,5080,12815,155,4235,529,1229,811,87329,1398,17804,10447,16559,984,8276,28788,210,5712,2297,4421,67868,7469,61273,1825,4517,15906,48696,69287,14134,47542,36571,8852,36,141,101,254,96,12243,3701,2405,313,31215,72140,13972,341,621,15476,13317,42666,523,2587,1487,7544,78287,17700,1768,98565,23816,435847,3971,167,20270,36622,5849,4854,5508
1981,732,474,1524,162,2,12460,6764,9520,1,1142,54,32,326,0,693,44,77793,12,11083,2,404,50,54,389,38841,2,77,3214,542,6,206077,9821,5417,0,477,4354,807,4039,17159,0,30,452,3692,8169,503,107,7877,56643,20,56,10,98951,364,6482,8,496,16,10,844,864,464,21196,111,20115,2746,8746,2562,4971,2978,31206,374,41461,357,263,0,243,174,444,28,4,1056,184,2334,0,240,163,3,26,25449,560,1533,790,5156,16,760,26799,24,2172,116,448,12448,3981,3242,520,3561,2077,8765,86981,6942,6743,27864,0,0,28,9,14,0,4259,114,8,0,8865,33111,363,183,58,8558,7111,2540,14,2,194,1191,21455,4652,130,28869,375,276533,972,8,3079,6108,229,80,771,10763,3164,18702,7077,75,46178,26804,14523,275,44018,327,210,3229,96,5905,832,134544,218,16192,5382,12692,255,3857,10753,46038,3066,2788,15260,6130,269,704559,20688,30954,2169,2428,12813,966,17130,8923,215,108,6501,10700,52507,3859,564,8420,110318,205,1080,362,148299,10353,21531,97,5431,4713,573,706,5763,3037,19306,397,490465,108410,46563,16201,6999,6687,116325,2698,149971,2141,15769,75,2234,2027,3654,1057,1876,9335,5259,12905,164,4255,528,1286,846,90163,1398,18528,10366,17620,987,8584,28082,204,5810,2425,4586,69678,7495,64405,1839,4560,17001,48351,68201,14193,48753,38098,9198,32,144,104,259,95,12469,3944,2443,312,32532,70161,12971,342,592,15411,13318,45651,532,2650,1456,7780,78746,18962,1905,98249,24914,441333,4078,164,21417,38102,6048,4847,5555
1982,686,468,2110,162,2,13702,6148,9770,4,1165,60,32,340,0,790,48,69807,10,11903,2,425,22,66,411,36171,2,83,3070,680,8,218652,10725,4972,0,354,8520,838,4038,15349,0,32,436,3535,8468,527,75,7248,60758,18,62,10,100596,384,6223,10,515,16,4,788,840,988,22669,116,20084,2564,9253,2359,6374,3508,28343,344,41361,374,282,0,270,168,313,34,0,1074,196,2822,0,252,108,3,26,23215,768,1748,800,5214,16,718,30987,25,2451,172,446,13228,4226,3374,468,4180,3189,9214,71119,6546,6954,32977,0,0,31,8,14,0,6246,128,9,0,9532,33261,376,142,38,8984,7238,2230,14,4,184,1379,22349,5053,158,35551,365,303364,864,10,3421,5878,181,86,664,10542,3286,19084,6861,71,45043,27646,15096,329,45653,322,207,3274,97,5734,865,143202,229,16456,5983,12933,226,3974,11162,47364,3002,2940,14811,6189,306,757680,21140,30642,2270,2338,12640,986,16598,8738,235,109,6422,10846,54991,3732,649,8645,111899,211,1149,369,153263,9919,21012,101,5424,4705,594,650,5885,3003,19030,393,496884,106498,50461,17613,6883,7492,117434,2659,154354,2406,16600,75,2396,2091,3815,1067,1929,9148,5387,13135,174,4748,509,1352,812,91611,1447,19502,10319,18349,993,8945,29445,210,5990,2473,4817,72141,7445,68783,1924,4758,17108,50389,65844,14757,50001,38470,9653,37,139,107,259,101,14436,4038,2463,329,34529,72231,12702,341,610,15356,13604,40794,541,2618,1521,7681,79724,20760,2217,99821,26692,448151,4087,175,20906,37623,6465,4835,5594
1983,666,517,1985,150,0,12914,7732,9496,2,1184,73,22,320,0,544,50,54857,11,11372,2,409,60,70,410,37519,2,88,2974,676,6,255648,11283,5116,0,377,4622,848,3891,15836,0,31,546,3340,9071,696,54,7104,54980,18,68,10,94661,304,6220,8,490,16,0,788,788,924,23730,137,20934,2884,9508,2664,6548,2956,30652,286,43292,407,279,0,312,170,408,28,0,1067,146,2946,0,296,158,3,34,25512,909,1652,812,5163,16,810,26595,30,2480,226,449,11843,4299,3249,523,4314,2151,8596,70917,6111,9120,32945,0,0,40,5,12,0,5822,140,12,0,10684,36052,438,136,33,8903,6641,3302,14,6,162,1091,22810,5089,189,32025,356,272937,891,10,2645,5856,66,66,663,10402,3490,20285,6983,72,45743,27850,14474,324,47373,336,169,3214,102,4880,908,141723,243,16386,5779,12618,248,4253,11300,46703,2878,3054,14121,6499,297,801631,21539,31735,2287,2577,12818,1035,16990,8581,239,97,6711,9892,56486,3644,695,8276,111745,210,1209,413,153497,10557,21204,92,5309,4775,605,675,5558,3204,18950,405,545609,113342,52982,18079,6600,7672,118064,2678,155746,2595,16927,74,2498,2124,3990,1246,1909,9909,5102,13678,181,4659,520,1554,835,90814,1504,20069,10326,19076,998,10482,29418,210,5706,2386,4985,67578,7229,70087,1968,4890,16135,48799,69385,15055,49173,38197,9729,38,141,102,258,99,15473,4106,2449,340,34024,72119,14005,368,625,15258,13349,41723,546,2496,1556,8431,81150,21836,2414,99124,27899,457920,3765,180,20686,37912,6628,4857,5629
1984,658,452,2657,134,0,13374,8084,10515,3,1180,82,24,397,0,814,54,59727,12,11743,2,494,46,48,468,32657,2,85,3162,500,6,265558,12300,5054,0,392,9440,916,4065,15481,0,29,553,3009,9307,664,53,6681,57008,22,68,11,103171,670,6163,8,476,22,8,510,696,642,23951,156,21161,2967,10434,3255,6401,3334,34089,300,46037,626,250,0,364,200,277,24,2,1022,134,3339,0,269,181,3,34,26185,929,1516,814,5285,16,833,35607,24,2790,218,434,13414,4032,3899,547,4345,3357,9137,79721,5766,8994,36380,0,0,35,8,12,0,7383,132,14,0,10562,39901,486,148,85,9353,6873,3712,15,38,202,1095,26570,4813,254,31979,394,297278,866,10,3648,6082,92,64,698,9916,3401,20910,7249,80,46653,28643,14406,335,48283,324,192,3800,101,5653,1077,141230,255,16595,5841,13665,270,4228,12174,48220,2718,2938,14758,6354,297,832692,22079,32164,2347,2664,13164,1093,17866,8519,245,100,6805,10272,58379,3802,747,8587,112067,228,1262,416,156068,12904,22474,99,5217,5070,609,656,5597,3245,19400,410,569040,117045,55187,20023,6725,7684,118833,2859,155045,2612,15862,76,2652,2171,4007,1192,1884,10313,5110,14231,192,4839,512,1615,868,93310,1528,21245,10700,20043,1022,10667,30440,212,6022,2682,4809,70716,7368,74995,2061,5070,16389,50366,69122,15301,50689,39910,9393,39,154,107,256,102,16468,4322,2445,348,34949,73448,14292,375,674,15613,13594,41055,575,2622,1544,8785,83619,21299,2763,100888,28164,470232,4012,194,21974,39713,6973,4942,5787
1985,572,414,3182,132,0,13374,6883,9954,7,1134,68,26,388,0,1118,56,73152,12,10646,2,473,40,65,504,40393,2,105,3160,557,2,243193,12650,4591,0,380,3893,928,4250,14657,0,25,530,3129,9535,670,90,6704,59908,22,88,16,105154,616,5741,8,542,38,8,626,662,682,22150,135,20829,2922,10575,3059,5363,3506,30705,283,45523,570,343,0,407,220,309,24,2,1069,136,3486,0,367,190,33,30,24954,961,2496,794,5800,16,862,38611,25,2777,272,476,14316,4152,4130,480,4554,3269,8839,75939,7031,9377,34197,0,0,53,9,10,0,9142,148,14,0,10790,37951,418,108,84,8744,6582,5403,15,24,192,1251,27254,4774,224,29556,440,300498,803,10,3743,5976,120,64,596,9255,3250,23754,7933,77,48853,29228,14729,347,50621,332,199,3802,103,6139,1083,157332,267,16355,6167,13770,241,4285,12910,48512,2640,3490,14037,6443,312,841481,22880,32182,2456,2884,13615,1149,18471,9247,264,109,7067,10693,61421,3892,769,8279,115080,229,1316,495,155944,13111,22512,102,5575,5146,655,666,5737,3408,19004,412,571741,119374,57936,21430,6920,7646,119017,2790,159154,3108,18345,75,2715,2243,4130,1175,1977,10440,5387,14125,199,5331,535,1622,882,96768,1552,22179,10850,20114,1026,10739,29454,203,6213,2695,4646,74117,7508,74955,2165,5312,16838,51371,69437,16206,51231,40257,10138,41,153,98,264,109,15912,4471,2521,357,35552,74552,13928,381,718,15410,13509,42095,580,2905,1542,9095,90729,21140,2723,101787,28466,481098,3933,199,20916,39403,7166,4946,5865
1986,534,454,3465,138,0,12177,7880,9734,4,1158,82,18,424,0,1194,54,72544,14,11890,2,476,62,73,513,40173,2,90,3457,478,2,243618,13994,4848,0,393,3179,958,4657,16343,0,32,486,3137,9994,641,102,6365,56652,21,78,24,102766,548,5895,8,589,52,12,706,642,354,21870,152,21164,3128,10237,3031,5502,3289,31017,197,49216,789,350,0,426,230,553,24,2,1204,155,3509,0,354,159,61,36,26536,1108,2832,794,5746,16,846,32925,29,2648,283,466,16029,4233,4490,441,4736,3341,9154,80505,7709,10375,32666,0,0,47,16,10,0,10821,56,14,0,9759,35525,334,134,53,8649,6138,2758,15,18,182,1271,19916,4911,388,30986,422,322388,876,10,3135,5568,117,76,466,8515,3460,24494,7458,77,47676,29241,15105,361,51257,341,203,4128,102,6242,1074,159187,258,16646,7566,14143,262,4485,13932,48860,2716,3178,13763,6719,317,882710,22792,33306,2502,2973,13378,986,19447,9387,276,113,7255,10230,64569,3852,731,8510,114759,242,1318,553,158242,13920,21112,105,6028,5298,662,664,5673,3467,19119,416,584283,126085,61345,21045,7107,7702,119221,2847,161512,3010,19422,73,2877,2280,4237,1127,2062,10922,5534,14325,210,5694,518,1560,898,96860,1680,24136,10476,20603,1051,10976,29993,213,6341,2799,4778,78084,7622,78822,2204,5370,19437,53166,72515,17528,53466,37410,9809,38,167,102,257,103,15576,4628,2562,366,35424,73470,13806,375,728,15451,13492,43073,583,2804,1585,9643,91520,22019,2915,102504,29349,490672,3856,197,20188,41926,7630,5129,6028
1987,468,430,3292,130,0,12982,8582,9267,4,1162,73,32,370,0,1052,50,82215,18,11475,2,488,64,65,503,41983,2,86,3299,481,2,260371,16066,4616,0,368,10741,998,4613,14574,0,26,902,2937,9726,601,89,5262,59494,23,102,20,94599,546,6301,11,617,79,52,792,594,752,22438,178,21277,3217,11450,3599,4534,3207,31987,261,49484,658,358,0,521,216,665,28,2,1154,156,3647,0,378,188,60,51,25728,919,2234,812,6047,16,906,34436,23,2892,246,459,17602,4797,4449,566,6708,4255,8537,80576,7185,13178,30415,0,0,52,10,12,0,8890,42,14,0,10209,38842,345,113,56,8825,5642,4557,16,12,194,1410,21908,5263,437,30685,440,322779,877,10,3305,5511,98,66,416,9484,3375,25398,7664,77,50600,29837,15000,381,53499,363,238,3814,106,6672,1092,163722,264,17019,8297,14418,307,4797,12839,50966,2624,3214,14229,6862,315,921833,24579,34638,2585,3079,13437,1059,19891,9582,277,133,7350,10400,68310,3923,713,8548,115128,236,1304,562,159241,14769,21529,117,6313,5428,700,668,5807,3632,19742,433,602298,128525,63335,21079,7316,7997,119474,3120,164575,3290,19684,75,3039,2454,4463,1138,2127,10845,5707,14746,213,5800,545,1629,928,95990,1693,25043,10755,21081,1099,11810,30240,222,6367,2748,4978,80331,7696,83230,2295,5323,20096,55629,71306,18803,53519,36075,9897,42,165,111,269,113,17038,4727,2641,374,38265,75504,13527,417,743,15166,13532,42891,592,2707,1495,9889,93406,22933,3161,102785,29746,509555,4095,203,22401,42815,7557,5306,6109
1988,542,423,3134,128,0,11758,10607,9364,4,1173,75,34,482,0,1001,54,80618,18,12879,2,505,60,83,481,37819,2,102,4115,244,0,263283,15358,4956,0,526,13789,1041,5103,14381,0,32,876,3415,9908,621,83,5264,58238,21,100,14,86998,1358,6434,10,549,142,38,1097,564,626,21697,250,23453,3286,10498,3486,4725,4200,29612,250,49453,786,356,0,550,192,687,24,2,1158,180,3983,0,428,222,71,39,23311,783,2745,786,5886,16,1036,37238,24,2482,238,568,20731,4636,4604,523,7331,4520,8898,77592,7954,14263,29431,0,0,41,18,10,0,6992,40,14,0,9498,37721,345,131,77,8383,6359,9084,14,30,176,1545,23203,5504,371,30169,443,257678,882,10,3931,5888,114,68,366,8864,3434,25693,7712,81,50074,30425,15166,387,54381,365,232,4399,109,6664,1140,167256,285,16747,7944,14927,310,5366,12417,50309,2663,3631,14765,7079,326,941527,25292,35967,2639,3199,13884,1040,19871,9722,301,145,7408,11381,67912,4074,700,9192,116195,248,1381,579,163382,14646,23121,116,6578,5680,727,648,5585,3816,19953,424,630903,134393,60555,21578,7266,7986,119543,2862,166809,3407,20250,76,3120,2560,4568,1182,2250,10895,5940,15912,223,6091,584,1699,987,100014,1830,26417,10643,20987,1131,13202,30492,212,6539,2675,5273,85065,7333,84566,2127,5379,20311,55816,72998,18272,55288,36903,9779,42,173,111,263,118,19079,4846,2657,382,38546,76904,14076,404,816,15646,13636,44360,610,3005,1319,9906,95456,24301,3057,104428,29178,503143,4010,206,25004,42848,8374,5557,6351
1989,535,517,4683,130,0,10757,10694,8799,4,1267,72,34,535,0,822,74,85305,17,13316,2,512,74,91,507,39667,2,88,4166,292,0,271373,16198,5048,0,622,16829,1101,5427,14092,0,35,972,3707,10712,592,104,5323,55939,21,74,14,84736,644,5980,11,896,170,26,804,538,682,21770,179,25401,3478,13261,3864,4111,5033,29443,272,47409,924,322,0,600,244,700,34,0,1133,180,4114,0,408,190,60,68,25719,771,2686,810,5160,16,1132,16472,24,2281,151,520,22405,5135,4702,605,7272,3648,9815,79765,7263,16885,28794,0,0,36,11,8,0,7650,46,14,0,10488,38250,318,175,61,8186,6122,9027,17,110,180,1263,19155,5782,311,28813,533,286012,946,10,3723,5254,198,64,352,8708,3638,27548,7940,81,48738,31634,15597,388,55100,364,232,4854,105,6847,1233,177633,298,16277,8537,14964,292,5071,12887,52520,2696,3472,15349,7113,348,956293,25540,37529,2615,3730,13682,1127,21122,9715,305,135,7597,10843,67336,4214,704,9646,116172,248,1341,595,162876,15556,23656,113,6763,5900,719,643,5573,3996,19374,421,665527,137966,62810,22080,7048,8266,120305,2965,169566,2945,21395,75,3209,2656,4835,1195,2150,11044,6127,16207,229,6217,584,1724,1020,101688,1856,27503,10499,19842,1135,14208,29870,221,6388,2708,5435,92048,7445,93699,2279,5667,19080,57482,71771,19342,58270,35998,10821,39,177,107,246,124,19076,5015,2718,392,39554,79722,14111,427,890,16318,13742,45623,605,3104,1231,10167,95082,25772,3233,105409,30495,511442,3917,201,21679,43735,8559,5863,6550
1990,562,422,3258,128,0,9689,11268,9047,2,1275,67,38,531,0,884,56,81171,19,12232,2,528,88,104,646,40346,2,99,3491,160,0,257502,17302,6456,0,684,16289,1110,5646,13572,0,38,988,3606,11060,456,106,5383,55901,18,84,12,76050,640,5415,11,892,202,31,1467,504,774,20629,175,30776,4380,13590,3435,4822,4423,28795,278,47354,1191,298,0,493,246,636,22,2,1122,261,4314,0,396,234,14,54,28249,668,2336,1102,5095,372,1166,39651,25,2681,184,530,25612,4264,5086,525,6218,2410,9938,81627,7771,14926,26593,0,0,33,10,6,0,5296,42,34,0,9316,38854,276,182,56,8158,5406,8032,24,130,178,2129,25426,5900,340,28473,446,312795,1276,10,1193,4872,220,66,337,9220,3859,26932,8035,78,47363,32033,15674,385,57039,363,255,4930,102,6468,1353,175088,287,13841,8704,15454,295,5449,13610,51714,2849,3632,15704,7176,379,1014383,25607,38067,2680,3899,13237,1210,22199,9646,340,121,6410,10796,70924,4414,764,9518,115206,269,1324,639,156301,13741,23214,116,7157,6068,736,644,5631,4070,18717,419,650393,127126,72869,21677,7121,9024,119404,3074,167945,3543,21533,81,2087,2826,5129,1221,1889,11470,6154,16633,191,6570,585,1689,1015,105470,1879,28549,11335,21328,1194,14129,30680,218,6566,2429,6133,97930,7469,95697,2269,5556,17769,61355,68243,20410,57112,36396,9725,40,184,106,232,123,20192,5398,2745,390,40321,81220,13725,448,881,16113,14027,47711,575,3464,1216,10696,99723,26357,3179,105042,30941,523131,3867,214,21611,43263,8148,6038,6623
1991,496,294,2812,134,0,8629,9666,8399,1,1301,90,64,624,0,1023,50,82250,15,14196,2,550,74,88,572,37995,2,98,5296,110,2,273582,18896,5896,0,460,17401,1139,6050,13402,0,27,1084,5087,11671,528,101,4568,59274,12,90,17,53645,2460,5971,11,874,237,50,1478,490,642,17797,173,33285,4424,13651,2421,4161,4861,31309,286,46775,1080,272,0,12,210,690,16,0,1084,416,4086,0,452,209,16,77,23238,447,2792,888,4758,286,1116,31102,24,2416,192,580,31631,4668,5667,417,4216,2588,9970,72085,7350,16384,26130,0,0,45,12,6,0,6084,42,34,0,9547,39706,292,150,48,7597,5369,8753,27,42,178,2112,24950,5926,299,26335,416,307183,734,10,1451,6193,204,64,334,9142,3909,28794,7906,77,50901,31651,16062,362,58362,361,247,5261,102,6884,1433,185921,284,13035,8979,16062,287,5699,13939,50984,2996,3874,15952,7277,404,1021981,26197,38004,2605,3981,12633,1164,22276,9846,307,120,7031,10436,70791,4692,741,9229,117692,280,1469,675,158221,17894,23690,113,7149,6350,773,648,5565,4192,18302,428,683189,130769,70135,16317,7335,8619,120857,2973,167514,3922,22287,82,1218,2757,5409,1242,1769,11417,6356,17582,203,6642,619,1767,1056,106537,1860,29354,10747,22134,1239,15194,31508,225,6432,2566,5758,111893,7510,95702,2309,5819,18900,60924,69206,20061,58146,34674,9948,40,193,108,214,130,19573,5380,2809,400,40311,80443,13930,482,870,15914,14057,50599,615,3257,1358,10995,101514,26772,3364,103416,33470,523628,4146,214,24193,43470,8527,6124,6527
1992,424,414,2544,146,0,11191,13676,8149,1,1312,88,56,622,0,876,48,93013,18,8834,2,572,104,88,549,37173,2,100,5395,99,0,300303,17508,6146,0,432,13887,1258,5919,13879,0,23,1212,5162,11744,868,112,4293,52057,16,94,16,49462,2424,6239,17,1048,269,48,682,598,790,13256,146,35301,4902,13490,1899,4211,4921,31235,345,46201,1786,296,0,204,248,603,18,0,971,309,4676,0,382,233,10,79,26582,341,1708,818,5652,554,1130,33761,24,2112,226,564,35245,5354,5624,598,4808,2416,10704,55879,6903,18313,27500,0,0,38,10,4,0,7025,38,38,0,9621,37535,252,144,56,7018,5353,11648,27,60,181,1874,23583,5643,583,28445,444,330817,1132,10,1981,6779,304,68,336,9169,4301,30362,8405,85,53920,32038,16278,360,59540,321,292,5362,113,6761,1531,184619,304,12975,10195,16745,338,6031,14600,53126,3042,3849,16962,7700,414,1078862,26259,39474,2631,4218,12359,1274,21201,9731,317,128,7184,11911,73539,4889,742,9410,118275,284,1461,696,162104,18301,23949,114,7245,6773,801,693,5354,4537,18243,431,715283,137626,77186,16546,7213,9397,122286,3096,170293,4031,22970,85,1992,2837,5593,1274,1759,11512,6020,18878,224,6656,627,1808,1100,112388,1667,27992,10514,22929,1221,15953,32577,226,6173,2717,6002,119593,7465,103006,2468,5793,18862,63393,67994,19441,61164,33963,9029,38,199,106,194,135,18832,5452,2827,416,41196,80456,13678,495,884,16689,14300,52987,662,3179,1288,11362,103733,26589,3808,104510,33337,533382,4318,217,25656,46165,8752,6092,6595
1993,566,514,2464,146,0,14510,12557,7801,0,1304,58,60,695,0,1197,42,87370,10,6496,2,568,76,87,658,49459,2,87,5727,170,0,342570,17974,6643,2,454,8671,1436,3881,13666,0,28,1472,4401,12520,916,100,4141,59220,12,100,18,54197,2274,5853,25,961,320,54,644,516,1072,11702,150,37022,5302,13770,1999,4147,4926,32042,378,45580,1666,238,0,228,218,567,18,82,940,707,5659,0,419,237,20,91,31069,400,1912,906,6140,276,1157,27575,23,2423,202,548,37074,5430,5232,431,5190,1730,11490,70174,7402,16946,21995,0,0,37,8,4,0,10759,50,42,0,9857,39632,230,118,54,7433,5163,11082,29,32,163,1770,27723,6006,571,28449,445,306820,1200,8,2934,6982,276,66,458,10207,4699,32016,8262,86,55594,32014,16516,353,58490,331,293,5574,111,6919,1452,182288,312,12654,10604,16825,336,6037,14813,53549,3105,3632,18136,7736,410,1179761,27706,42088,2814,4306,10994,1266,20089,9533,347,119,7507,12795,74173,4777,812,9066,117267,293,1509,703,151185,19996,24427,110,7560,6992,815,738,5251,4714,17351,430,721789,141852,79471,17608,7363,9791,116845,3338,168506,4118,22628,94,2274,2995,5767,1323,1678,11765,6438,19578,266,6825,657,1941,1142,115416,1614,28315,10900,23742,1220,16086,31238,236,6681,2705,6134,126798,7605,108091,2498,6165,20421,62350,69988,20315,63183,37852,8430,39,209,113,197,143,19116,5788,2817,407,41582,77665,13809,522,885,16971,14085,54204,706,3472,1231,11515,104519,27837,4021,103258,32887,543755,4295,224,25294,49031,9456,6444,6656
1994,606,626,2847,174,0,14129,9744,7740,1,1303,96,54,751,0,883,42,94109,15,7212,2,582,84,89,678,46512,2,113,7242,177,0,360752,18113,7834,4,803,9729,1374,1033,14151,0,26,1250,5066,12534,804,112,4283,59549,18,100,16,51908,2242,6629,27,933,351,32,688,614,1338,15354,160,39220,6979,14658,1989,4720,5728,30059,350,43161,1585,345,2,431,306,644,18,0,1052,309,5286,0,464,206,40,77,26770,276,2224,858,6692,194,1165,32302,25,2508,192,674,38916,5880,5370,588,5063,1991,11995,57128,7430,15536,25925,0,0,34,10,2,0,10352,62,47,0,10425,39577,242,96,52,7201,4691,15177,31,36,146,1748,22997,5631,684,30105,391,349989,1086,8,2134,7148,227,81,446,10741,5374,30690,9373,85,57940,32904,16649,362,59671,326,267,5887,115,7001,1499,191684,363,12325,10642,17303,336,6321,15104,55930,3073,4293,18772,7992,422,1244735,27507,42904,2799,4466,10893,1224,20827,9477,334,114,7698,13707,77362,4896,806,9428,114253,294,1476,669,154610,21056,25290,114,7955,7447,830,756,5376,4923,16755,436,741235,148741,78009,17159,7296,10223,117645,3489,170675,4643,24014,88,2516,3165,5980,1375,1644,11794,6522,20270,288,6776,641,1917,1176,116703,1720,29831,11208,24038,1263,17465,31354,243,7110,2760,6261,129709,7822,113900,2574,6417,21988,65984,66882,20772,62374,36355,7293,39,217,100,188,158,19626,5622,2885,434,41855,76969,16008,531,899,17460,14112,56640,723,3737,1208,11559,105799,28104,4098,103483,34038,563351,4624,223,25416,51444,9407,6623,6771
1995,640,682,2120,186,0,11987,17506,7091,2,1420,74,62,739,0,923,46,96046,14,7207,2,596,70,120,700,47210,0,102,5977,234,0,383464,18802,7610,6,769,6677,1466,810,14523,0,27,1462,4397,12542,1024,113,4509,54421,19,312,12,53611,2478,6976,27,732,390,25,692,482,800,14993,171,42493,9228,18060,1968,5005,5188,32371,343,43754,1677,272,2,504,228,857,16,44,924,461,6038,0,420,198,40,123,25517,208,2578,1086,6497,198,1202,23530,22,2423,212,600,39497,5727,5918,660,5276,2403,12418,65796,6981,22415,24482,0,0,37,7,4,0,10632,54,50,0,11258,35812,369,92,72,7842,4849,16042,28,126,146,2215,24804,5980,746,27169,476,289208,1137,8,2472,7435,210,64,516,11365,5419,32070,9826,81,58477,32720,16204,366,61844,343,283,6078,121,7573,1542,214600,355,12598,10849,17924,353,6483,15751,56142,3157,4108,19172,8309,440,1334738,28446,45752,2918,4253,11503,1328,19172,10110,368,123,7732,12437,81625,4975,833,9442,116882,303,1541,693,154169,22592,24670,112,8142,7511,850,804,5628,5150,16248,451,765616,165413,78363,17124,7288,10873,115848,3548,171876,4873,24172,92,2640,3007,6302,1316,1578,12001,7250,21605,273,7265,690,1927,1246,116201,1844,28115,12292,24969,1320,17758,33792,245,7401,2739,6673,135346,7734,117248,2591,6628,23662,66795,67519,21255,66038,37409,7579,42,216,98,201,149,22047,5875,2888,444,42800,74276,15666,496,864,16572,14032,59473,719,3705,1255,11881,110301,29398,4152,102287,32630,562505,4434,219,26221,53273,9631,6816,6672
1996,570,734,2211,198,0,9813,16976,7073,2,1481,81,81,811,0,1063,48,82575,14,5891,2,616,60,117,716,49387,2,104,6279,122,0,422540,18007,8165,6,987,4017,1445,763,15274,0,27,1472,4219,13822,720,116,4615,57110,20,300,12,53214,2164,7788,28,628,423,6,481,496,1154,15743,174,44064,6447,18301,1783,3987,4269,35355,304,41244,2225,219,0,449,244,1006,12,88,922,496,5854,0,410,249,86,107,33431,243,4211,1238,7110,484,1251,26622,26,3089,207,608,39121,5425,6203,784,4716,2299,12773,63563,6718,20593,23680,0,0,36,15,4,0,10648,46,56,0,8659,43392,396,102,60,8178,5207,16675,31,110,165,2323,27678,6084,618,27999,485,340965,1102,10,2817,8118,186,74,664,12101,5439,31411,10196,81,59128,33380,15914,368,63523,340,272,6608,115,7655,1607,213563,389,11857,11359,18607,364,6304,15678,57417,3312,4272,19811,8242,446,1393787,28737,45977,3050,4418,12541,1284,19534,10250,361,136,7850,13367,86209,4954,885,9503,114975,304,1627,746,158188,25138,24683,114,8290,7687,862,794,5725,5468,16375,449,779348,162975,84831,17722,7916,10988,119875,3693,171723,4375,24526,100,2719,3189,6483,1378,1721,12341,7793,22298,291,7514,750,2020,1225,120253,1850,31665,13461,25794,1353,17299,32263,269,7254,2785,7088,138658,8051,128896,2666,6665,24714,71196,68522,21403,66228,37316,8103,42,211,100,221,161,22831,5963,3031,459,44168,76848,16124,492,874,16654,14203,62024,651,3790,1228,12439,110861,28744,4322,106947,32588,565290,4897,236,26369,55016,10005,6900,7128
1997,562,651,2094,198,0,11440,17052,8051,2,1464,97,72,974,0,1115,58,81104,22,6994,2,952,62,116,739,48106,2,112,6240,116,0,399282,16845,7872,6,1069,5444,1385,881,16101,0,29,1728,4332,15796,692,144,4635,58657,20,302,11,52507,1908,7819,20,665,459,11,490,470,1250,14756,150,44947,6098,18569,1681,4736,4356,33716,378,42338,1505,294,0,539,274,974,12,86,925,480,6785,0,433,253,113,105,28834,221,3393,1408,6800,458,1248,22373,35,2632,215,631,39708,6188,6201,678,5789,2230,13124,58826,7415,17736,24641,0,0,39,13,6,0,11285,39,63,0,9582,49309,394,92,68,8357,4650,14696,27,168,177,2276,27132,6156,629,28729,434,335415,1088,10,2600,10760,204,86,692,12963,4902,31546,10278,83,61363,33742,16408,434,65877,349,285,6804,109,7892,1623,223644,382,11404,11276,20079,372,6430,16365,58766,3464,4508,19161,8575,430,1452036,30060,47388,3094,4638,12847,1311,20210,10498,382,144,8074,15899,89686,5095,877,9774,114065,303,1663,778,153425,26198,24933,118,8442,7854,864,911,5692,5898,16644,469,811097,160541,86677,17736,7991,11347,118481,3551,170266,4469,25509,96,2816,3331,6605,1396,1998,12743,8504,22969,294,7686,735,2096,1282,124717,1974,32473,14133,27177,1528,18351,32629,258,6835,2851,7531,144216,8115,131280,2653,6973,26039,70870,69187,20797,66530,37202,8484,44,227,106,232,177,22826,6160,3099,486,45425,77336,16345,500,900,16786,13977,63056,659,3982,1229,12523,108311,29832,4316,108924,34307,575489,4941,246,27180,55165,10427,6790,7308
1998,582,723,2576,578,0,12181,17611,8151,2,1516,80,75,1051,0,1153,46,80273,24,6607,2,1040,56,162,750,52726,2,132,5905,117,0,408836,12252,7165,6,1042,3264,1312,1158,16232,0,25,1570,2811,16747,628,104,4652,58897,20,318,22,54528,2222,7686,12,1256,502,10,775,384,1068,15109,158,47295,5056,18895,1571,4110,3614,34485,365,39468,1880,235,0,551,350,881,14,100,848,534,4769,0,458,296,117,116,37940,230,3341,1500,7332,336,1275,21453,36,2283,196,845,40562,5545,6450,712,5704,3927,12625,68159,7772,16889,24680,0,0,41,9,8,0,7626,42,66,0,9679,52577,385,100,72,7978,4455,14448,24,172,159,2100,27242,6626,600,27281,468,338833,1266,10,3232,9401,216,68,618,13431,4978,33638,11226,83,62676,33240,15807,446,67625,328,299,6896,104,7752,1625,220786,394,12506,11126,20484,387,6755,16903,60559,3665,4930,19363,8466,416,1510273,29110,46602,3274,4893,13601,1423,20960,10392,399,148,8170,14548,91583,4961,879,9896,116741,311,1730,771,155056,26734,25398,122,8747,7627,874,880,6215,5670,16783,464,860358,161484,90685,18971,8310,11644,121973,3554,165769,4520,26372,101,3004,3583,6107,1416,2130,13195,9519,22504,309,8028,803,2173,1266,126100,2114,34051,14650,27971,1640,18686,32568,272,6552,3181,7979,151026,8040,135133,2847,7094,25888,69100,70783,22738,63281,38062,9715,45,223,103,235,180,23329,6263,3018,497,45760,77570,15661,489,924,16773,14032,66113,591,4061,1334,13270,114767,32186,4622,110015,34946,582744,4844,260,29074,59030,11289,6918,7538
1999,554,834,3055,562,0,11746,18183,6337,2,1861,92,94,1116,0,1445,112,81884,16,6333,2,885,54,172,1116,51259,2,123,7984,126,0,423853,13668,7359,4,934,5362,1328,1305,16174,0,28,2042,1912,18260,712,104,4318,58332,17,316,26,50229,3344,7797,14,1221,548,12,278,340,656,15618,162,50498,9264,16767,1480,5025,3965,37066,349,39567,2241,219,0,563,386,1008,12,100,896,875,5537,0,571,284,132,126,33574,320,3382,1510,8847,420,1320,27584,26,2695,227,928,41271,5337,6760,730,6688,3514,11023,59790,7891,17843,24948,0,0,9,7,8,0,10883,41,39,0,9842,51574,452,110,78,7684,3928,13708,22,160,120,2845,27491,9394,782,28326,422,344462,1058,10,2461,9687,246,82,752,13761,5120,34649,11422,90,63404,33725,16743,484,75446,361,313,7243,98,8452,1751,229515,366,12433,11842,20977,411,7430,17318,61944,3500,5027,19451,8617,417,1584937,30756,49016,3271,5368,15272,1451,21453,10386,428,144,8203,15583,97164,5236,900,10046,117951,312,1756,918,156498,27611,27064,128,8721,7981,900,945,6416,5660,16690,470,898706,164559,93413,20599,8510,12072,124425,3620,167757,4615,28603,101,3141,3826,6300,1450,2256,13567,10457,23598,316,8320,806,2183,1299,134783,2221,33395,15316,29115,1833,19776,34178,265,6418,3507,8139,154034,8256,143452,2817,7300,26960,72062,70724,22662,67784,39270,10779,45,210,114,250,188,23414,6545,3019,484,46551,79834,16335,485,1025,17062,13383,65341,649,4185,1321,13775,117917,32625,5365,111431,34795,595079,4958,261,28878,62616,11377,7367,7358
2000,397,925,2813,2860,0,12242,17801,6468,4,2736,64,90,1255,0,1222,76,96094,24,4520,2,894,82,155,1163,49803,2,102,7223,78,0,443515,14044,7897,4,1054,6438,982,1547,16595,0,30,2024,1675,19404,1054,100,4510,60200,16,440,22,56329,3376,8328,18,1101,613,12,248,558,330,13455,162,54525,11303,16831,1454,4663,4695,37428,412,38151,1632,178,0,643,460,1045,12,100,834,3822,4993,0,456,296,80,129,36194,212,3340,1444,8920,566,1372,25239,29,2496,246,966,40337,5735,6871,823,4598,5191,13348,60611,7668,18059,19118,0,0,13,7,8,0,11997,42,47,0,9063,53328,460,98,76,7286,4101,17414,28,210,120,2813,31289,9385,932,28845,395,351381,1121,10,3336,13077,196,62,908,13172,5163,34948,11667,93,62469,34097,16830,532,75955,340,331,7488,97,8704,1886,236180,375,12052,11113,20912,440,7864,17705,62443,3685,4943,19897,9122,428,1720584,29760,50222,3499,5354,16850,1429,22155,10460,453,143,8703,14799,101426,5799,912,9998,118039,333,1815,929,160734,27772,27110,109,8941,8002,952,1000,6540,5568,17030,479,879821,166192,93389,20992,8720,12141,127318,3540,167122,5011,27409,102,3302,4789,6016,1471,2494,13962,10935,23824,331,8532,800,2261,1387,139583,2224,33209,15370,30627,1950,20396,34313,259,6601,3491,9248,159045,8217,145624,2901,7009,28231,73233,71016,22039,69934,38685,11562,48,221,113,258,196,23553,6781,3023,507,47891,79689,16314,491,1115,17128,14186,70300,645,4283,1383,13898,118115,33922,5422,109821,34042,613582,4975,266,30429,64957,11822,6981,7447
2001,346,940,3428,4464,0,11144,19270,6510,4,2726,68,133,1323,0,1283,88,91853,18,5630,2,927,88,164,1041,48126,4,128,5928,157,0,448799,14390,7837,20,1100,6525,1131,1559,16474,0,28,2242,1016,19443,1123,106,4677,61821,15,382,34,54170,4196,8927,25,1325,650,12,429,866,610,13795,165,58423,11671,19627,2043,5417,5108,33347,376,37970,1657,209,0,555,434,945,20,100,934,4800,4342,0,470,309,127,148,41133,99,3018,1602,9929,200,1552,25285,39,2750,296,1010,40341,5719,6714,856,6124,3816,14151,56838,7589,18618,22671,0,0,11,27,8,0,7696,52,96,0,8723,51812,464,112,82,7020,4133,15568,26,240,145,3141,28060,9654,758,31195,436,345227,1341,10,3396,14396,194,76,722,12763,5390,36547,12787,89,62955,35325,17197,519,79528,355,368,7700,95,8695,1901,230164,428,11151,12433,20958,459,8160,18396,62568,3712,5368,20292,9158,453,1771144,29165,51738,3553,5622,17699,1438,22598,10834,449,143,9237,15040,101690,6058,935,10229,120292,337,1829,904,159574,28785,26625,109,9353,8149,975,961,6204,5758,16735,499,893520,169856,94790,22563,9130,12669,122903,3749,166009,4903,29883,111,3515,4833,5954,1504,2524,14141,11366,24130,349,8895,787,2366,1414,146233,2208,33696,16022,32008,2048,21484,34239,288,6723,3771,9348,161429,8433,138538,2953,7249,27482,73662,70918,22556,71282,39904,11866,51,203,113,268,203,24645,6949,3203,523,48722,80000,16440,500,1142,17449,13778,69875,676,4225,1474,13704,115772,35498,5070,113248,34743,605976,5247,264,31552,67826,12180,7275,7864
2002,638,945,3808,6260,0,11153,17970,6127,1,2862,53,118,1313,0,1397,68,86338,23,6258,4,961,88,151,1366,47437,2,137,7911,165,0,455236,13575,8350,20,1113,9485,1050,1457,16917,4,27,2274,1318,19392,1139,114,4701,61093,14,364,29,56397,5408,8882,20,1324,738,16,688,450,616,14119,184,58639,12640,20687,2716,6134,4854,34868,476,39488,1670,191,0,562,590,1008,20,100,920,1516,5243,0,471,267,58,168,40154,92,3717,1524,10401,196,1566,19960,38,2764,380,1184,54119,5201,6694,885,8650,3888,14180,50676,6827,20072,22604,0,0,10,13,8,0,9026,52,75,0,7188,52945,276,86,78,6803,3839,15429,28,250,120,3823,29880,9774,713,29692,1571,318474,1285,10,2082,17052,214,70,476,14432,5550,38889,13985,90,55200,35952,17103,512,81277,362,368,8131,88,9056,1962,246704,428,10851,12733,21841,474,8456,18815,63724,3696,5432,21202,9174,481,1844835,30316,51810,3651,5602,17270,1454,22947,11378,502,135,9885,14609,104995,6388,954,10109,122209,350,1793,974,163035,30051,26353,128,10289,8433,995,953,6247,6068,16565,506,873998,175604,99773,23291,9275,13191,121531,3655,163971,5530,29918,108,3035,5524,6283,1526,2620,14104,10955,24536,356,9330,794,2504,1419,147183,2224,36139,16755,33236,1946,22226,34050,288,6581,3898,9827,161475,8645,138330,3133,7583,28478,76719,69262,21985,69790,40946,13971,50,212,138,270,207,25481,6990,3444,556,48863,82763,16616,488,1145,18031,14066,72747,723,4362,1498,14124,117528,36770,5613,115788,37483,619498,4836,269,28727,70525,12493,7248,7640
2003,568,895,4055,6698,0,11047,23462,6913,2,3114,57,125,2380,0,1403,48,85753,20,4160,6,1096,106,202,1278,55045,2,151,6420,186,0,438649,13673,9113,26,1135,9343,907,1564,17632,0,30,2366,1607,19772,1089,127,4942,50825,16,342,44,49827,5494,9150,24,1454,840,13,717,558,2183,13923,187,64443,12207,21906,2642,5884,5619,31520,416,38318,2104,188,0,471,552,998,12,100,945,2251,7295,0,615,299,162,156,43558,97,3880,1604,11572,189,1618,19384,41,2805,414,1230,57634,5691,7066,867,8758,4013,14083,44315,6644,18059,25065,0,0,10,41,8,0,12484,52,350,0,6984,60365,340,100,82,6656,3396,15891,27,260,75,2588,31656,9707,936,28181,1672,337601,1219,10,2522,17664,159,70,370,15505,5628,41297,14953,89,55516,36203,16566,490,84422,375,384,8297,84,8867,1732,249369,452,11158,13603,21916,484,8738,19387,62683,3635,5839,21517,9157,504,1875891,29844,53777,3769,5371,19759,1430,23266,11049,509,138,9548,14305,107511,6342,950,10339,120386,360,1853,960,160003,30672,26876,130,10698,8815,979,963,6316,6469,16470,512,900490,182488,101230,20815,9532,12740,123623,3801,161983,6100,29978,107,3163,5487,6474,1535,2602,14124,11254,24588,341,9879,794,2639,1474,149928,2334,37661,18077,34943,1985,23325,33132,306,6555,3926,10613,166121,8679,143456,3263,7661,28553,78493,70362,21696,69442,43723,13432,47,214,138,272,211,26888,7885,3709,578,49478,82437,16694,495,1118,18272,14049,74011,739,4596,1472,14726,122221,38215,5644,120114,33547,625108,4887,282,29748,74611,13323,7645,7749
2004,704,990,4575,9622,0,10532,21884,7903,4,3121,69,82,2878,0,1353,78,94106,24,6618,4,1094,114,177,1436,49719,2,141,8515,210,0,435786,13309,8919,27,987,10306,897,1705,16754,0,29,2008,1671,19671,1136,126,4711,58851,12,340,44,57117,4836,9574,20,1563,964,11,752,860,2024,13265,172,65541,11615,23019,2818,6298,5104,38546,428,37847,2366,204,0,332,538,1046,14,100,1047,3940,6976,0,563,268,276,172,42871,153,4256,1676,14828,93,1665,21645,52,2859,342,1136,62278,6168,7992,811,10430,4066,15090,50462,6868,17683,26674,0,0,3,34,8,0,6749,152,848,0,7928,60035,377,110,96,6870,3680,14568,24,190,98,2813,34009,9685,673,27350,2622,362504,1462,10,2911,18738,127,102,274,15838,5647,44044,15919,92,54026,36122,16562,545,88432,348,360,8703,86,8652,1770,259529,458,10894,14156,22671,528,8878,20093,64234,3762,5993,21684,9423,549,1939061,29280,53987,4026,5109,19207,1488,23713,11135,491,136,9386,15012,107954,6432,992,10374,122387,360,1934,1023,158861,31847,28032,127,10671,9024,1026,922,6507,6549,17554,531,892889,188954,105314,23061,9458,13483,129449,3705,161174,6303,31977,109,3335,5612,6725,1582,2732,14533,11610,25546,355,10286,835,2631,1491,151893,2377,40395,18153,37088,2028,23695,34345,310,6846,4072,10849,176407,8856,147924,3273,7684,28845,80839,69534,23431,71056,44881,13396,48,211,137,284,216,28370,8127,3935,596,50707,82676,16823,517,1205,18333,13917,74357,743,4722,1478,15175,120468,38722,5844,120380,39382,634991,4664,284,30844,76724,13334,7668,7944
2005,1184,994,4401,9814,2,14735,25832,7658,2,3284,69,80,2854,2,1551,60,95399,24,5462,6,1096,114,388,2259,50374,2,188,9154,261,0,438436,13186,9760,24,870,7194,670,1661,16153,2,24,2225,1980,22965,1331,122,4682,57305,14,378,42,58776,4886,9412,23,1363,1077,12,630,862,2622,13322,191,65504,12776,24316,4048,6376,4670,36167,386,37428,2176,247,0,672,629,965,12,138,1646,2342,5818,0,769,268,298,184,38100,106,3297,1362,18764,72,1798,17510,58,2896,351,1249,67046,5965,8217,959,9427,4496,14035,40833,5722,18753,24222,0,0,2,45,8,0,13661,68,692,0,9526,52337,503,111,105,5951,3593,15064,30,190,90,3782,31162,9399,1038,26785,3269,353682,1390,10,1570,20009,159,70,251,16474,5725,45161,16882,113,57581,37879,16808,559,92638,395,380,8658,89,9116,1776,261759,473,9926,14593,23607,523,9468,21268,64891,3877,6184,21898,9710,565,1993873,28416,53817,3690,5704,18277,1471,23648,12113,583,134,10246,14825,112765,6764,1003,10429,120022,377,1978,1037,158622,32760,26461,130,11360,9281,1086,945,6694,6757,17104,542,923028,190390,113431,24569,9098,13484,128516,3590,161647,6198,37558,116,3638,5849,6733,1609,2853,15754,12148,26046,376,11124,816,2827,1459,151831,2361,39063,17567,37827,2103,24699,34238,311,6870,4161,11367,181871,8908,156238,3401,7753,30233,82394,68087,22671,71684,44663,14021,47,212,151,287,222,29709,8187,4206,619,51706,82281,16950,535,1193,18267,13798,74630,729,4777,1487,14944,124501,38894,5672,123472,41043,628442,4847,289,31853,78386,13898,7877,7819
2006,1342,1047,4599,10004,2,14030,23662,7291,2,3834,72,68,2522,4,1838,72,104356,14,4161,4,1259,114,438,2534,45316,2,201,10119,238,0,420360,13165,11398,22,1077,4090,767,1889,17067,2,27,2659,1994,23022,1632,108,4195,52827,14,384,40,57114,5004,9281,18,1809,1190,9,618,790,2022,11997,189,70401,13103,24824,4106,6112,4278,33108,622,38492,2296,698,0,588,830,807,12,138,1640,4250,7283,0,831,227,36,194,41787,161,4050,1490,21117,58,2063,19850,38,3167,310,1413,74361,5912,8021,864,8117,4914,15475,37213,5712,17981,24902,0,0,2,50,8,0,17047,136,903,0,9813,53977,476,164,83,4974,3396,14934,34,190,118,3930,30600,8301,1370,26024,3849,318577,1364,12,2580,21500,219,89,292,16975,5864,46468,18243,108,58116,38902,16739,538,94717,389,397,9156,89,8922,1809,272143,464,10552,15017,24019,549,10069,22375,65645,3932,6463,22469,9899,606,2019362,29286,57120,4033,6127,18333,1467,23264,11636,607,141,10544,14694,117829,6912,1025,10385,119997,373,2043,1055,160199,33964,25809,124,12166,9325,1092,933,6826,7151,17620,582,985943,197607,109944,25853,9108,12884,127354,3720,157123,6669,37912,121,4280,5809,6542,1642,2726,16182,13179,26222,376,11691,822,2744,1447,154963,2545,41977,18785,40543,2140,25750,34521,317,6964,4326,11906,189915,8965,159969,3456,7822,31925,83904,67991,22182,72867,45644,14172,52,209,155,293,233,29997,8560,4454,629,52421,84506,17890,540,1101,18530,14051,76994,720,5000,1598,15479,126393,39869,7062,122714,43813,630314,4785,302,32779,78283,14633,8188,8289
2007,1392,959,4252,10112,0,15070,22582,7327,4,4632,78,82,2218,4,1953,132,107895,18,3322,8,1204,118,512,2706,49737,4,193,8934,129,12,439930,12579,11286,22,1362,7647,692,1740,16231,2,34,2558,2047,25642,1507,106,4725,52158,16,394,42,53863,5205,9498,22,2260,1307,10,638,866,2877,11046,239,76472,13880,25063,3577,5480,4198,33977,484,36663,2540,1190,0,542,1004,924,8,148,1677,4959,6188,0,890,318,62,188,41411,168,3920,1522,22111,63,2110,20096,53,3144,386,1412,67441,6187,8600,991,9385,5246,15098,48937,6541,17263,21082,0,0,4,57,8,0,16953,168,1096,0,9921,60941,438,158,83,6203,4130,16423,32,154,92,4253,28309,8300,1564,25512,3661,328510,1748,10,4006,21892,409,76,230,17856,5785,45681,19765,122,59078,40055,17104,525,98057,409,419,9949,88,9124,1889,276176,466,10315,15263,24199,568,10238,23214,67158,4081,6667,21431,10155,673,2087975,29285,59310,4032,5754,18172,1534,22940,11426,634,148,10813,14765,122966,7096,1028,10801,120816,393,2098,1168,161986,35698,26593,121,12462,9563,1096,890,7177,7542,16667,603,1043677,202154,112773,25777,9747,12868,126926,3712,159049,6552,37682,119,4310,6205,6888,1631,2850,16705,13792,26883,402,13137,829,3086,1505,158638,2749,40538,18861,42300,2186,26689,35171,326,7250,4479,12618,192754,9213,163869,3706,7714,32541,88935,68904,22787,73852,44248,14262,53,214,158,298,235,30342,8995,4711,652,53767,84006,18047,549,1062,18446,14410,78788,737,5197,1550,15973,126734,40439,8253,121478,45628,636954,5209,321,35988,82369,15655,8113,8315
2008,1294,1075,3436,10274,0,14589,23510,8001,3,5522,99,80,3110,2,2223,170,132804,20,2814,10,1623,100,562,2874,48320,2,153,9154,94,0,470265,10788,11614,24,1278,11088,966,1642,15884,2,35,2333,2057,25293,1690,112,4635,57784,15,396,40,61591,6612,9996,24,1855,1228,10,621,760,3214,10990,200,78947,13930,20707,3082,6887,3562,31974,276,35949,2181,1020,0,750,1736,908,12,52,1919,5344,4981,0,1019,230,24,188,46366,334,4405,1822,23733,70,2115,21321,52,3666,330,1982,70773,7147,8503,743,6526,5093,16768,46552,6735,19300,19093,0,0,3,57,8,0,17710,1056,1218,0,9831,57796,574,195,80,6476,4444,19110,26,158,209,3348,28892,554,1786,25330,4274,308173,1982,12,4240,20362,216,94,249,18087,6093,47480,21779,115,61350,40928,17266,539,101921,398,421,9689,91,9384,1937,290742,481,10265,15708,24600,580,10414,24344,65924,4230,6685,22299,10207,668,2183081,28614,60722,4206,5816,18233,1508,22870,11325,628,143,10378,15741,126927,7149,1056,10932,119669,389,2107,1241,159682,37626,25308,118,12632,9769,1137,891,7036,7835,16354,598,1085868,207534,109642,25255,10030,13067,126449,3544,154388,7046,40147,121,4204,5756,6863,1656,2961,16693,13985,26633,417,13173,844,3197,1488,159592,2793,40741,20281,44336,2253,27516,34421,316,7228,4589,13238,197503,9439,167065,3861,7535,34646,91480,67944,22242,74759,45725,14784,51,209,162,309,238,29454,9630,4839,683,54631,83723,18058,540,1076,19032,14702,76297,739,5298,1541,16289,129483,36657,10008,122879,44395,627922,5069,331,39117,84200,15985,8518,8243
2009,1616,1134,4839,12520,0,7446,19102,7760,4,5276,79,92,3080,2,1618,54,114668,16,3415,50,1164,68,922,3199,40602,2,160,8118,172,0,518941,11756,11405,24,1227,11032,846,1561,14944,2,39,2356,1830,27814,1691,109,4674,51327,12,420,42,60964,7312,8241,14,2173,1145,10,679,1116,4262,10814,192,77530,14493,26102,3086,6266,4276,27257,224,37513,2025,1076,0,820,1654,1080,12,40,2292,6038,5894,0,1525,195,31,186,39782,609,5948,2102,22890,58,2326,20340,39,3342,276,1598,59455,6757,8849,915,6170,5869,16908,44669,5868,18688,16644,4,0,3,73,10,0,14054,164,1076,0,10044,51656,428,219,79,6494,3694,16420,38,238,95,3591,28687,599,1565,26514,3792,299399,2354,12,4127,20612,470,228,218,19045,6182,52666,24465,114,60976,40711,16971,545,103241,404,415,10352,90,9847,1894,295670,483,9866,16517,24625,586,10791,26267,66285,4338,6999,22004,10536,653,2225874,28824,58495,4504,5911,18694,1491,23131,11733,643,145,11579,16996,128354,6951,1024,10959,121545,384,2243,1280,161449,39380,25780,120,12994,10225,1115,949,7426,7608,16171,599,1089253,216973,115257,26793,9585,13415,131125,3653,151087,7172,42165,124,4600,6384,6408,1664,2972,17388,14589,28160,429,14432,813,3190,1602,158341,2900,42425,21247,45912,2267,28678,34640,342,7246,4726,13505,198330,9276,167510,3950,7699,35461,94766,69340,22444,74598,44446,16210,52,211,157,311,246,29591,10030,5087,694,54687,84417,18495,562,1089,18761,15203,74421,773,5470,1553,16777,130934,37595,10308,119347,47808,630226,5157,341,39418,87080,16657,8984,8718
2010,1388,1334,5804,12408,0,11508,22924,7469,2,5992,78,90,3228,0,1595,58,115429,18,3718,74,1096,62,916,3581,37080,2,172,9088,235,0,556280,12419,11472,26,1326,4660,916,1507,15951,0,40,2714,2284,28332,1507,127,4236,46661,12,422,44,52945,8855,7451,34,2254,1193,10,691,940,2680,10482,186,87807,15969,29090,3869,6094,4637,29317,398,36100,1521,1120,0,674,1693,1023,8,40,2361,6632,6548,0,1346,164,186,163,46171,294,6206,3028,24664,44,2399,20006,43,3461,233,2153,67222,5857,8822,984,6538,6485,16350,41886,5602,19790,17542,2,0,3,73,10,0,16988,96,1405,0,10149,50189,481,160,86,4986,3633,17940,38,242,94,3406,28213,596,1498,26554,3560,280892,1745,13,4177,23026,326,388,238,19642,6573,54267,25992,115,61534,42002,17049,582,109365,405,437,10836,85,10269,1954,313681,495,9745,17300,25355,598,10932,26935,67000,4527,7367,22405,10645,687,2308836,29438,58452,4638,6064,17690,1522,23133,11312,658,140,12997,18291,128918,6531,1032,11018,120671,386,2336,1394,157714,40257,24524,123,13318,10509,1207,997,7826,7567,14662,593,1139043,220224,114278,29145,9692,13380,125550,3651,149452,7836,43718,126,4658,6925,6708,1689,3056,17972,15085,29854,465,14519,802,3328,1578,157626,2773,43637,22659,48528,2322,30347,33412,343,7186,4853,13898,208392,9260,170585,4040,8009,36887,97756,69406,22661,73225,43285,16554,53,217,155,317,240,31342,10052,5458,702,56180,83751,18933,601,1137,18952,15502,75141,756,5671,1589,17646,132379,39279,10755,120216,50083,628586,5134,355,41113,90451,16682,9399,9063
2011,1192,1334,7477,13118,0,14954,19577,7705,2,5996,71,100,3694,0,1545,50,121540,14,3177,92,1213,68,962,3951,38178,2,158,10469,180,0,616617,10618,11057,28,1522,12722,818,1660,15042,0,40,2458,2269,29558,1751,143,4467,47366,10,460,40,52956,9240,8642,36,2383,1087,10,686,928,1152,10184,186,92304,18114,22525,4449,5545,4512,31435,527,34664,2003,1185,0,466,2066,1112,2,68,2295,6823,5950,0,1303,152,166,200,40789,460,6914,3210,22478,28,2997,19354,46,3486,320,1818,77662,5980,9328,1019,6345,6459,15569,42734,6074,19862,21925,8,0,15,56,10,0,15203,80,1486,0,10102,51101,472,168,84,6376,4335,17916,16,226,139,3818,30584,626,1436,23694,3630,267300,2313,12,4042,21533,346,568,225,19908,6780,58375,27455,118,63810,42294,17739,573,110212,396,411,11384,85,10591,2009,327899,471,9830,17490,25922,627,11525,28153,67747,4669,7538,23015,11105,747,2378139,30161,58908,4886,6317,18152,1564,22591,11485,667,138,12692,18209,128500,6635,1097,11368,121800,386,2361,1408,161209,42344,24604,115,13788,10741,1218,947,7797,7937,15204,604,1175435,231674,118740,28027,10027,13521,124622,3806,152253,8324,42982,126,4903,7746,6903,1722,3230,18921,15866,30299,485,15155,825,3450,1562,159113,3043,45826,23366,50565,2435,31263,35094,359,7395,5003,14544,218174,9455,175339,4148,8148,37571,97801,71609,21936,77431,44153,17334,51,215,157,308,232,33044,9920,5725,725,58227,82344,19339,585,1153,19202,15931,75513,777,5814,1695,17446,137800,39639,11507,122449,52692,625116,5269,354,42109,91214,16744,9495,9464
2012,1522,1312,8549,10096,0,11332,19094,6237,2,5814,58,100,3456,2,1548,44,124223,14,1918,86,1256,70,1126,4075,41688,2,224,9418,195,0,653665,11236,12575,28,1568,7798,693,1395,14540,0,42,2476,2342,28670,1705,154,4513,44815,10,484,30,56012,9214,8317,34,1919,1230,10,646,848,854,9189,194,94298,18110,26059,4710,5958,4694,32057,313,34991,2520,1340,0,712,2054,1188,0,68,2332,7692,6787,0,1546,164,170,161,45406,506,5496,3254,22412,92,3206,18629,51,3518,668,2012,76333,5726,9177,1011,2901,6817,15726,42083,6548,20750,10717,2,0,11,62,10,0,19297,128,1642,0,11471,46459,497,123,89,6515,3629,21060,20,262,169,4297,31211,708,2312,24614,3862,267493,2440,12,4647,22210,442,652,254,21184,6909,60816,27968,113,64614,42861,17834,635,111573,403,433,11996,84,10794,2168,315024,498,9923,18257,26606,643,11970,29335,67319,4752,8060,24030,11738,726,2454912,29903,61967,4874,6489,18407,1493,22753,11179,702,138,13702,18007,135799,6862,1157,11624,119281,406,2449,1438,159786,43662,24186,117,13433,11212,1258,1003,7815,8335,14996,616,1200891,239477,120682,28150,10052,14156,121403,3841,155480,8407,46632,129,4932,7499,7216,1732,3222,19173,16398,31128,541,15391,830,3739,1582,163840,3178,46728,24861,50892,2547,33236,34696,362,7427,5118,16024,221458,9595,178660,4453,8223,39560,99614,71447,21932,75478,42973,18303,54,214,155,330,235,35238,10627,5965,718,59341,81508,19633,599,1186,19393,15848,78577,818,6100,1774,17954,143829,40297,11863,121837,51971,643044,5507,362,40549,103344,17929,9859,9661
2013,1536,1319,8706,18518,0,15780,18471,6823,2,6670,62,128,4008,3,2488,48,127479,17,2111,90,1106,70,1214,4332,52274,2,207,8258,199,0,691903,10505,12223,32,1625,8151,789,1632,15671,0,41,2480,2401,30168,1429,138,4309,45537,8,502,30,60418,9756,8906,28,1624,1295,10,621,962,830,9287,214,98258,19062,23362,6316,7517,5050,32287,338,34952,2503,1196,0,1044,2035,1274,2,70,1686,8018,7412,0,1309,177,177,205,43530,422,8468,3440,23326,107,3135,17983,51,3468,655,1573,72046,5521,9511,1036,7314,7284,12757,39451,6445,20049,17199,0,0,13,63,8,0,23682,76,1802,0,10619,56543,530,120,114,6937,3567,19122,18,302,176,4344,35502,697,2349,27033,4168,296863,2476,12,5756,22712,420,816,262,21471,6952,63455,30121,119,65063,43975,18167,627,114184,407,424,12473,103,11027,2224,312488,530,10224,18890,27057,651,12421,30520,67893,4185,8194,24642,11557,739,2499252,30220,64621,5168,6642,18823,1454,22848,11589,791,138,14399,17149,131916,6926,1108,11874,120542,404,2535,1408,158473,44967,23836,122,13791,11423,1220,1062,8204,8263,14348,604,1238335,237826,122793,30961,10643,14263,121163,3878,153161,8477,47401,135,6123,8561,7408,1801,3310,19488,17215,31580,559,15737,826,3894,1589,166591,3280,47208,25077,51583,2693,33509,35849,367,7603,5358,16267,228877,9707,180994,4524,8316,40447,100429,70616,21604,77125,43598,18547,56,216,158,329,251,35912,10653,6144,727,59621,81051,20550,632,1269,19719,15983,78567,837,6379,1773,18479,145101,40247,13095,122946,54968,641776,5316,370,39706,105399,18325,10180,9524
